TAP version 13
# Subtest: a Draft block overrides an Agreed file for both wake and check (SPEC-018)
ok 1 - a Draft block overrides an Agreed file for both wake and check (SPEC-018)
  ---
  duration_ms: 278.312667
  type: 'test'
  ...
# Subtest: an Agreed block overrides a Draft file in the kernel and lint (SPEC-018, SPEC-002)
ok 2 - an Agreed block overrides a Draft file in the kernel and lint (SPEC-018, SPEC-002)
  ---
  duration_ms: 567.264119
  type: 'test'
  ...
# Subtest: a block Status does not become the file default, including inside examples (SPEC-018)
ok 3 - a block Status does not become the file default, including inside examples (SPEC-018)
  ---
  duration_ms: 572.546893
  type: 'test'
  ...
# Subtest: block status without a value does not inherit Agreed by accident (SPEC-018)
ok 4 - block status without a value does not inherit Agreed by accident (SPEC-018)
  ---
  duration_ms: 165.587591
  type: 'test'
  ...
# Subtest: inheritance needs a file Scope and includes only Agreed blocks, regardless of prefix (PKG-015)
ok 5 - inheritance needs a file Scope and includes only Agreed blocks, regardless of prefix (PKG-015)
  ---
  duration_ms: 1662.988337
  type: 'test'
  ...
# Subtest: Scope inside a requirement or fenced example does not declare inheritance (PKG-015)
ok 6 - Scope inside a requirement or fenced example does not declare inheritance (PKG-015)
  ---
  duration_ms: 817.931706
  type: 'test'
  ...
# Subtest: a falsifier wrapped onto a line beginning with Status: does not become the block's status (SPEC-018)
ok 7 - a falsifier wrapped onto a line beginning with Status: does not become the block's status (SPEC-018)
  ---
  duration_ms: 1.217873
  type: 'test'
  ...
# Subtest: LOOP-063: reject input mutation during a check and retain diagnostics
ok 8 - LOOP-063: reject input mutation during a check and retain diagnostics
  ---
  duration_ms: 467.735586
  type: 'test'
  ...
# Subtest: LOOP-063: reject deletion mutation during a check and retain diagnostics
ok 9 - LOOP-063: reject deletion mutation during a check and retain diagnostics
  ---
  duration_ms: 442.053453
  type: 'test'
  ...
# Subtest: LOOP-063: reject addition mutation during a check and retain diagnostics
ok 10 - LOOP-063: reject addition mutation during a check and retain diagnostics
  ---
  duration_ms: 443.052553
  type: 'test'
  ...
# Subtest: LOOP-063: reject mode mutation during a check and retain diagnostics
ok 11 - LOOP-063: reject mode mutation during a check and retain diagnostics
  ---
  duration_ms: 493.708724
  type: 'test'
  ...
# Subtest: LOOP-063: reject specification mutation during a check and retain diagnostics
ok 12 - LOOP-063: reject specification mutation during a check and retain diagnostics
  ---
  duration_ms: 467.372079
  type: 'test'
  ...
# Subtest: LOOP-063: reject declaration mutation during a check and retain diagnostics
ok 13 - LOOP-063: reject declaration mutation during a check and retain diagnostics
  ---
  duration_ms: 455.997922
  type: 'test'
  ...
# Subtest: LOOP-063: reject commit mutation during a check and retain diagnostics
ok 14 - LOOP-063: reject commit mutation during a check and retain diagnostics
  ---
  duration_ms: 536.763752
  type: 'test'
  ...
# Subtest: LOOP-063: committed input mutation during execution cannot certify the replacement
ok 15 - LOOP-063: committed input mutation during execution cannot certify the replacement
  ---
  duration_ms: 516.984508
  type: 'test'
  ...
# Subtest: LOOP-064: removing executable permission makes passing evidence stale
ok 16 - LOOP-064: removing executable permission makes passing evidence stale
  ---
  duration_ms: 771.951771
  type: 'test'
  ...
# Subtest: LOOP-064: a mode-only change also invalidates the previous review after new evidence
ok 17 - LOOP-064: a mode-only change also invalidates the previous review after new evidence
  ---
  duration_ms: 940.901652
  type: 'test'
  ...
# Subtest: LOOP-064: changing a regular file into a link with identical identity bytes is stale
ok 18 - LOOP-064: changing a regular file into a link with identical identity bytes is stale
  ---
  duration_ms: 1054.234841
  type: 'test'
  ...
# Subtest: LOOP-063: an unchanged candidate still records a pass despite unrelated working-tree edits
ok 19 - LOOP-063: an unchanged candidate still records a pass despite unrelated working-tree edits
  ---
  duration_ms: 278.37315
  type: 'test'
  ...
# Subtest: LOOP-064: current and historical input ordering agrees for Unicode filenames
ok 20 - LOOP-064: current and historical input ordering agrees for Unicode filenames
  ---
  duration_ms: 425.391953
  type: 'test'
  ...
# Subtest: LOOP-063: Git status hiding content changes cannot certify an uncommitted candidate
ok 21 - LOOP-063: Git status hiding content changes cannot certify an uncommitted candidate
  ---
  duration_ms: 220.533079
  type: 'test'
  ...
# Subtest: LOOP-066: one check owns execution with a kernel action record
ok 22 - LOOP-066: one check owns execution with a kernel action record
  ---
  duration_ms: 453.908301
  type: 'test'
  ...
# Subtest: LOOP-066: one check owns execution with an agent action record
ok 23 - LOOP-066: one check owns execution with an agent action record
  ---
  duration_ms: 434.688368
  type: 'test'
  ...
# Subtest: LOOP-066: a live lock is named and never silently overwritten
ok 24 - LOOP-066: a live lock is named and never silently overwritten
  ---
  duration_ms: 204.723659
  type: 'test'
  ...
# Subtest: LOOP-066: a dead lock is named and never silently overwritten
ok 25 - LOOP-066: a dead lock is named and never silently overwritten
  ---
  duration_ms: 210.140845
  type: 'test'
  ...
# Subtest: LOOP-066: a incomplete lock is named and never silently overwritten
ok 26 - LOOP-066: a incomplete lock is named and never silently overwritten
  ---
  duration_ms: 210.447944
  type: 'test'
  ...
# Subtest: LOOP-066: an execution error releases the check lock for a corrected rerun
ok 27 - LOOP-066: an execution error releases the check lock for a corrected rerun
  ---
  duration_ms: 437.346848
  type: 'test'
  ...
# Subtest: LOOP-066: a live kernel action from an older Cairn also blocks execution
ok 28 - LOOP-066: a live kernel action from an older Cairn also blocks execution
  ---
  duration_ms: 154.607158
  type: 'test'
  ...
# Subtest: LOOP-066: separate Git worktrees can run checks independently
ok 29 - LOOP-066: separate Git worktrees can run checks independently
  ---
  duration_ms: 466.914095
  type: 'test'
  ...
# Subtest: after a green check --stale runs nothing; after one input changes it runs only that mechanism (LOOP-094)
ok 30 - after a green check --stale runs nothing; after one input changes it runs only that mechanism (LOOP-094)
  ---
  duration_ms: 844.023632
  type: 'test'
  ...
# Subtest: a mechanism speaking for two stale requirements runs once and refreshes both (LOOP-094, LOOP-040)
ok 31 - a mechanism speaking for two stale requirements runs once and refreshes both (LOOP-094, LOOP-040)
  ---
  duration_ms: 600.558665
  type: 'test'
  ...
# Subtest: a fresh failure and an unverified result are skipped with implement named (LOOP-094)
ok 32 - a fresh failure and an unverified result are skipped with implement named (LOOP-094)
  ---
  duration_ms: 508.140374
  type: 'test'
  ...
# Subtest: --stale with a requirement identifier is refused (LOOP-094)
ok 33 - --stale with a requirement identifier is refused (LOOP-094)
  ---
  duration_ms: 142.496425
  type: 'test'
  ...
# Subtest: check refuses a dirty declared input and names it; a dirty undeclared file does not block (LOOP-030)
ok 34 - check refuses a dirty declared input and names it; a dirty undeclared file does not block (LOOP-030)
  ---
  duration_ms: 380.35758
  type: 'test'
  ...
# Subtest: check writes one receipt per run carrying the full record and a result line per requirement (LOOP-097)
ok 35 - check writes one receipt per run carrying the full record and a result line per requirement (LOOP-097)
  ---
  duration_ms: 315.513017
  type: 'test'
  ...
# Subtest: a nonzero exit records fail, and the receipt keeps the exit code (LOOP-034)
ok 36 - a nonzero exit records fail, and the receipt keeps the exit code (LOOP-034)
  ---
  duration_ms: 373.748021
  type: 'test'
  ...
# Subtest: a pass after a fail keeps the failing record; nothing is overwritten or deleted (LOOP-025)
ok 37 - a pass after a fail keeps the failing record; nothing is overwritten or deleted (LOOP-025)
  ---
  duration_ms: 676.591358
  type: 'test'
  ...
# Subtest: a commit changing a declared input makes evidence stale; an undeclared one does not (LOOP-007)
ok 38 - a commit changing a declared input makes evidence stale; an undeclared one does not (LOOP-007)
  ---
  duration_ms: 805.135974
  type: 'test'
  ...
# Subtest: a regression is named before a requirement that never passed (LOOP-031)
ok 39 - a regression is named before a requirement that never passed (LOOP-031)
  ---
  duration_ms: 1077.966651
  type: 'test'
  ...
# Subtest: three attempts with no escalation since: wake says escalate, not a fourth (DEC-016, DEC-017, DEC-018)
ok 40 - three attempts with no escalation since: wake says escalate, not a fourth (DEC-016, DEC-017, DEC-018)
  ---
  duration_ms: 2539.609509
  type: 'test'
  ...
# Subtest: the review gate: no review, stale review, open finding, then Done (LOOP-020, LOOP-033)
ok 41 - the review gate: no review, stale review, open finding, then Done (LOOP-020, LOOP-033)
  ---
  duration_ms: 1423.813309
  type: 'test'
  ...
# Subtest: Done is refused while any requirement lacks current passing evidence (LOOP-017)
ok 42 - Done is refused while any requirement lacks current passing evidence (LOOP-017)
  ---
  duration_ms: 176.031466
  type: 'test'
  ...
# Subtest: check names a requested requirement that no mechanism claims
ok 43 - check names a requested requirement that no mechanism claims
  ---
  duration_ms: 201.035315
  type: 'test'
  ...
# Subtest: check writes the in-progress record before the run and clears it after (LOOP-021)
ok 44 - check writes the in-progress record before the run and clears it after (LOOP-021)
  ---
  duration_ms: 289.032422
  type: 'test'
  ...
# Subtest: a linked declared input digests the same at a commit and in the tree (LOOP-023, LOOP-024)
ok 45 - a linked declared input digests the same at a commit and in the tree (LOOP-023, LOOP-024)
  ---
  duration_ms: 692.662822
  type: 'test'
  ...
# Subtest: a result line is the mechanism's statement about one requirement; what it did not mention is unverified (LOOP-037, LOOP-052)
ok 46 - a result line is the mechanism's statement about one requirement; what it did not mention is unverified (LOOP-037, LOOP-052)
  ---
  duration_ms: 303.609697
  type: 'test'
  ...
# Subtest: a mechanism that says nothing is read by its exit code for every requirement (LOOP-039)
ok 47 - a mechanism that says nothing is read by its exit code for every requirement (LOOP-039)
  ---
  duration_ms: 313.665762
  type: 'test'
  ...
# Subtest: unverified is not an attempt, and a return to an earlier failed digest counts once (DEC-017, DEC-018)
ok 48 - unverified is not an attempt, and a return to an earlier failed digest counts once (DEC-017, DEC-018)
  ---
  duration_ms: 2583.383794
  type: 'test'
  ...
# Subtest: a result line for a requirement the mechanism does not speak for is named and writes nothing (LOOP-038)
ok 49 - a result line for a requirement the mechanism does not speak for is named and writes nothing (LOOP-038)
  ---
  duration_ms: 289.059373
  type: 'test'
  ...
# Subtest: a result line inside ordinary output, or without the marker, does not count
ok 50 - a result line inside ordinary output, or without the marker, does not count
  ---
  duration_ms: 297.542114
  type: 'test'
  ...
# Subtest: a targeted check runs the named requirements' mechanisms and records every requirement they speak for (LOOP-040)
ok 51 - a targeted check runs the named requirements' mechanisms and records every requirement they speak for (LOOP-040)
  ---
  duration_ms: 288.770746
  type: 'test'
  ...
# Subtest: two result lines for one requirement: a fail on any line wins
ok 52 - two result lines for one requirement: a fail on any line wins
  ---
  duration_ms: 286.623401
  type: 'test'
  ...
# Subtest: three runs at one digest with no attempt since: the verdict stays implement and names DEC-019; an escalation naming it among others clears the hint (DEC-019, LOOP-053)
ok 53 - three runs at one digest with no attempt since: the verdict stays implement and names DEC-019; an escalation naming it among others clears the hint (DEC-019, LOOP-053)
  ---
  duration_ms: 1314.531583
  type: 'test'
  ...
# Subtest: a complete commitment with an unpromoted backlog item names promote, and a stamped item lets it reach Done (LOOP-087)
ok 54 - a complete commitment with an unpromoted backlog item names promote, and a stamped item lets it reach Done (LOOP-087)
  ---
  duration_ms: 958.523302
  type: 'test'
  ...
# Subtest: an empty backlog with waiting next-iteration items is Done, with the count as information and no action on them (LOOP-091)
ok 55 - an empty backlog with waiting next-iteration items is Done, with the count as information and no action on them (LOOP-091)
  ---
  duration_ms: 826.435957
  type: 'test'
  ...
# Subtest: a promotion marker must resolve to a decision record (LOOP-088)
ok 56 - a promotion marker must resolve to a decision record (LOOP-088)
  ---
  duration_ms: 442.588355
  type: 'test'
  ...
# Subtest: a commitment promoted from an item needs a decision record naming the item (LOOP-088)
ok 57 - a commitment promoted from an item needs a decision record naming the item (LOOP-088)
  ---
  duration_ms: 460.171199
  type: 'test'
  ...
# Subtest: the spec lint reports a promotion marker with no decision record (LOOP-088)
ok 58 - the spec lint reports a promotion marker with no decision record (LOOP-088)
  ---
  duration_ms: 83.700445
  type: 'test'
  ...
# Subtest: a promoted commitment that changes an Agreed requirement or the working agreement is an escalation; an unpromoted one is not (LOOP-089, LOOP-090)
ok 59 - a promoted commitment that changes an Agreed requirement or the working agreement is an escalation; an unpromoted one is not (LOOP-089, LOOP-090)
  ---
  duration_ms: 2226.944053
  type: 'test'
  ...
# Subtest: a capture from one of the commitment's own requirements needs Outside because: or an escalation (LOOP-092)
ok 60 - a capture from one of the commitment's own requirements needs Outside because: or an escalation (LOOP-092)
  ---
  duration_ms: 2640.464414
  type: 'test'
  ...
# Subtest: a next-iteration item names what it would change, and the capture refuses one that does not (LOOP-093)
ok 61 - a next-iteration item names what it would change, and the capture refuses one that does not (LOOP-093)
  ---
  duration_ms: 790.924642
  type: 'test'
  ...
# Subtest: a commitment specified from a next-iteration item needs the item stamped before anything else (SPEC-027)
ok 62 - a commitment specified from a next-iteration item needs the item stamped before anything else (SPEC-027)
  ---
  duration_ms: 901.581888
  type: 'test'
  ...
# Subtest: a by deference marker resolves to a decision record like a promotion marker (SPEC-002, LOOP-088)
ok 63 - a by deference marker resolves to a decision record like a promotion marker (SPEC-002, LOOP-088)
  ---
  duration_ms: 447.25415
  type: 'test'
  ...
# Subtest: the LOOP-090 gate reads the Concerns line, not the slug as a substring (LOOP-114)
ok 64 - the LOOP-090 gate reads the Concerns line, not the slug as a substring (LOOP-114)
  ---
  duration_ms: 1101.089722
  type: 'test'
  ...
# Subtest: the LOOP-088 check reads the Promotes line, and decide --promotes writes it (LOOP-115)
ok 65 - the LOOP-088 check reads the Promotes line, and decide --promotes writes it (LOOP-115)
  ---
  duration_ms: 559.585458
  type: 'test'
  ...
# Subtest: the activation commit of a promoted commitment is inside the LOOP-089 comparison (LOOP-116)
ok 66 - the activation commit of a promoted commitment is inside the LOOP-089 comparison (LOOP-116)
  ---
  duration_ms: 364.832355
  type: 'test'
  ...
# Subtest: the LOOP-090 route needs one escalation: its Concerns line covers the moved item too (LOOP-119, LOOP-092, LOOP-114)
ok 67 - the LOOP-090 route needs one escalation: its Concerns line covers the moved item too (LOOP-119, LOOP-092, LOOP-114)
  ---
  duration_ms: 1254.36186
  type: 'test'
  ...
# Subtest: an escalation raised before the promoted commitment began does not silence the LOOP-090 gate (LOOP-114)
ok 68 - an escalation raised before the promoted commitment began does not silence the LOOP-090 gate (LOOP-114)
  ---
  duration_ms: 882.113632
  type: 'test'
  ...
# Subtest: an escalation raised before the commitment began does not silence the capture gate (LOOP-119)
ok 69 - an escalation raised before the commitment began does not silence the capture gate (LOOP-119)
  ---
  duration_ms: 876.152941
  type: 'test'
  ...
# Subtest: the activation commit is inside the scope footprint (LOOP-120)
ok 70 - the activation commit is inside the scope footprint (LOOP-120)
  ---
  duration_ms: 342.269929
  type: 'test'
  ...
# Subtest: a requirement Agreed at activation that is demoted or removed is a contract change (LOOP-121)
ok 71 - a requirement Agreed at activation that is demoted or removed is a contract change (LOOP-121)
  ---
  duration_ms: 1086.156074
  type: 'test'
  ...
# Subtest: the include files are the root files that hold @AGENTS.md: exempt from the footprint, compared by the gate (LOOP-122)
ok 72 - the include files are the root files that hold @AGENTS.md: exempt from the footprint, compared by the gate (LOOP-122)
  ---
  duration_ms: 2146.483786
  type: 'test'
  ...
# Subtest: a superseded promotion no longer satisfies the LOOP-088 check, and the repair says the promotion was reversed (LOOP-123)
ok 73 - a superseded promotion no longer satisfies the LOOP-088 check, and the repair says the promotion was reversed (LOOP-123)
  ---
  duration_ms: 874.132514
  type: 'test'
  ...
# Subtest: the restore route measures from the tree before activation, so a path the activation commit added must go (LOOP-120, LOOP-035)
ok 74 - the restore route measures from the tree before activation, so a path the activation commit added must go (LOOP-120, LOOP-035)
  ---
  duration_ms: 495.958439
  type: 'test'
  ...
# Subtest: the loop works against exactly one commitment: the current one (LOOP-019)
ok 75 - the loop works against exactly one commitment: the current one (LOOP-019)
  ---
  duration_ms: 695.857743
  type: 'test'
  ...
# Subtest: a promotion recorded below Consequential is a repair naming the level, since the developer never sees it in the queue (LOOP-088)
ok 76 - a promotion recorded below Consequential is a repair naming the level, since the developer never sees it in the queue (LOOP-088)
  ---
  duration_ms: 232.674749
  type: 'test'
  ...
# Subtest: every requirement the node-test declaration speaks for is named in a test title (PKG-025)
ok 77 - every requirement the node-test declaration speaks for is named in a test title (PKG-025)
  ---
  duration_ms: 3.368805
  type: 'test'
  ...
# Subtest: every repository path the tests read is a declared input of node-test (PKG-026)
ok 78 - every repository path the tests read is a declared input of node-test (PKG-026)
  ---
  duration_ms: 1.030764
  type: 'test'
  ...
# Subtest: writes a record with every required field and an empty realized-by (DEC-001, DEC-005)
ok 79 - writes a record with every required field and an empty realized-by (DEC-001, DEC-005)
  ---
  duration_ms: 139.498792
  type: 'test'
  ...
# Subtest: a Consequential decision is queued for review (DEC-013)
ok 80 - a Consequential decision is queued for review (DEC-013)
  ---
  duration_ms: 134.03463
  type: 'test'
  ...
# Subtest: a Consequential decision is queued even when .cairn/queue does not exist yet
ok 81 - a Consequential decision is queued even when .cairn/queue does not exist yet
  ---
  duration_ms: 139.665309
  type: 'test'
  ...
# Subtest: Routine is refused: routine decisions produce no record
ok 82 - Routine is refused: routine decisions produce no record
  ---
  duration_ms: 144.455559
  type: 'test'
  ...
# Subtest: a missing field is a usage error and nothing is written
ok 83 - a missing field is a usage error and nothing is written
  ---
  duration_ms: 144.420326
  type: 'test'
  ...
# Subtest: supersedes requires a classified cause, and the old record must exist
ok 84 - supersedes requires a classified cause, and the old record must exist
  ---
  duration_ms: 271.294112
  type: 'test'
  ...
# Subtest: an existing record is not overwritten
ok 85 - an existing record is not overwritten
  ---
  duration_ms: 197.982421
  type: 'test'
  ...
# Subtest: a queued decision stays queued; nothing but the developer removes it (DEC-014)
ok 86 - a queued decision stays queued; nothing but the developer removes it (DEC-014)
  ---
  duration_ms: 270.809098
  type: 'test'
  ...
# Subtest: each accepted decider is stored lowercase, whatever case it was typed in (DEC-020)
ok 87 - each accepted decider is stored lowercase, whatever case it was typed in (DEC-020)
  ---
  duration_ms: 1163.347031
  type: 'test'
  ...
# Subtest: a decider outside the vocabulary is a usage error naming all three, and nothing is written (DEC-020)
ok 88 - a decider outside the vocabulary is a usage error naming all three, and nothing is written (DEC-020)
  ---
  duration_ms: 850.11309
  type: 'test'
  ...
# Subtest: an empty --decided-by is the missing-field error, not the vocabulary one
ok 89 - an empty --decided-by is the missing-field error, not the vocabulary one
  ---
  duration_ms: 193.477053
  type: 'test'
  ...
# Subtest: LOOP-006, LOOP-067: missing inputs names a declaration repair before execution
ok 90 - LOOP-006, LOOP-067: missing inputs names a declaration repair before execution
  ---
  duration_ms: 235.621523
  type: 'test'
  ...
# Subtest: LOOP-006, LOOP-067: empty inputs names a declaration repair before execution
ok 91 - LOOP-006, LOOP-067: empty inputs names a declaration repair before execution
  ---
  duration_ms: 209.681586
  type: 'test'
  ...
# Subtest: LOOP-006, LOOP-067: missing command names a declaration repair before execution
ok 92 - LOOP-006, LOOP-067: missing command names a declaration repair before execution
  ---
  duration_ms: 221.685387
  type: 'test'
  ...
# Subtest: LOOP-006, LOOP-067: list command names a declaration repair before execution
ok 93 - LOOP-006, LOOP-067: list command names a declaration repair before execution
  ---
  duration_ms: 222.709063
  type: 'test'
  ...
# Subtest: LOOP-006, LOOP-067: empty command names a declaration repair before execution
ok 94 - LOOP-006, LOOP-067: empty command names a declaration repair before execution
  ---
  duration_ms: 208.074329
  type: 'test'
  ...
# Subtest: LOOP-006, LOOP-067: missing requirements names a declaration repair before execution
ok 95 - LOOP-006, LOOP-067: missing requirements names a declaration repair before execution
  ---
  duration_ms: 213.400201
  type: 'test'
  ...
# Subtest: LOOP-006, LOOP-067: bad identifier names a declaration repair before execution
ok 96 - LOOP-006, LOOP-067: bad identifier names a declaration repair before execution
  ---
  duration_ms: 209.308633
  type: 'test'
  ...
# Subtest: LOOP-067: scalar one-item lists retain their existing meaning
ok 97 - LOOP-067: scalar one-item lists retain their existing meaning
  ---
  duration_ms: 283.346803
  type: 'test'
  ...
# Subtest: LOOP-068: a unpopulated gitlink is refused by name
ok 98 - LOOP-068: a unpopulated gitlink is refused by name
  ---
  duration_ms: 290.966511
  type: 'test'
  ...
# Subtest: LOOP-068: a populated gitlink is refused by name
ok 99 - LOOP-068: a populated gitlink is refused by name
  ---
  duration_ms: 380.738304
  type: 'test'
  ...
# Subtest: LOOP-069: identical selections across 100 mechanisms use at most 20 Git processes
ok 100 - LOOP-069: identical selections across 100 mechanisms use at most 20 Git processes
  ---
  duration_ms: 204.88474
  type: 'test'
  ...
# Subtest: escalate writes the six-line format followed by its facts, and wake presents it (LOOP-010, LOOP-026)
ok 101 - escalate writes the six-line format followed by its facts, and wake presents it (LOOP-010, LOOP-026)
  ---
  duration_ms: 206.973892
  type: 'test'
  ...
# Subtest: a missing or multi-line field is refused with the field named, and nothing is written (LOOP-012)
ok 102 - a missing or multi-line field is refused with the field named, and nothing is written (LOOP-012)
  ---
  duration_ms: 192.283991
  type: 'test'
  ...
# Subtest: a Blocking escalation that fails the format is written anyway, naming the malformed field (LOOP-013)
ok 103 - a Blocking escalation that fails the format is written anyway, naming the malformed field (LOOP-013)
  ---
  duration_ms: 196.412439
  type: 'test'
  ...
# Subtest: the loop stops for the developer only at Blocking: a recorded decision below it never yields Escalate, and the Blocking bypass must be spelled exactly (DEC-002)
ok 104 - the loop stops for the developer only at Blocking: a recorded decision below it never yields Escalate, and the Blocking bypass must be spelled exactly (DEC-002)
  ---
  duration_ms: 383.637306
  type: 'test'
  ...
# Subtest: a second escalation while one is open is refused (LOOP-011)
ok 105 - a second escalation while one is open is refused (LOOP-011)
  ---
  duration_ms: 192.546141
  type: 'test'
  ...
# Subtest: answer records the reply; wake no longer presents it; a second answer is refused
ok 106 - answer records the reply; wake no longer presents it; a second answer is refused
  ---
  duration_ms: 337.304155
  type: 'test'
  ...
# Subtest: answer to an unknown escalation is refused
ok 107 - answer to an unknown escalation is refused
  ---
  duration_ms: 138.450325
  type: 'test'
  ...
# Subtest: a stranger resumes from the file alone: question and answer are both in it (LOOP-014)
ok 108 - a stranger resumes from the file alone: question and answer are both in it (LOOP-014)
  ---
  duration_ms: 213.24023
  type: 'test'
  ...
# Subtest: after an answer, the same concern can be escalated again under a new name
ok 109 - after an answer, the same concern can be escalated again under a new name
  ---
  duration_ms: 282.39604
  type: 'test'
  ...
# Subtest: an escalation exists when its file does, committed or not (LOOP-009)
ok 110 - an escalation exists when its file does, committed or not (LOOP-009)
  ---
  duration_ms: 136.761008
  type: 'test'
  ...
# Subtest: developer answers require one of the three forms and cannot inject fields (LOOP-048)
ok 111 - developer answers require one of the three forms and cannot inject fields (LOOP-048)
  ---
  duration_ms: 724.119626
  type: 'test'
  ...
# Subtest: ask, agent explanation, another ask, and ok stay ordered in one file (LOOP-049, LOOP-050, LOOP-014)
ok 112 - ask, agent explanation, another ask, and ok stay ordered in one file (LOOP-049, LOOP-050, LOOP-014)
  ---
  duration_ms: 915.87603
  type: 'test'
  ...
# Subtest: fresh closed answers accompany only concerned requirements until new evidence (LOOP-051)
ok 113 - fresh closed answers accompany only concerned requirements until new evidence (LOOP-051)
  ---
  duration_ms: 880.229579
  type: 'test'
  ...
# Subtest: a raised escalation carries no derivable status line, and an old record with one still parses (LOOP-028)
ok 114 - a raised escalation carries no derivable status line, and an old record with one still parses (LOOP-028)
  ---
  duration_ms: 256.36657
  type: 'test'
  ...
# Subtest: LOOP-065: delete of output refuses Done and a new run recovers
ok 115 - LOOP-065: delete of output refuses Done and a new run recovers
  ---
  duration_ms: 1065.016165
  type: 'test'
  ...
# Subtest: LOOP-065: corrupt of output refuses Done and a new run recovers
ok 116 - LOOP-065: corrupt of output refuses Done and a new run recovers
  ---
  duration_ms: 1047.742402
  type: 'test'
  ...
# Subtest: LOOP-065: delete of stderr_output refuses Done and a new run recovers
ok 117 - LOOP-065: delete of stderr_output refuses Done and a new run recovers
  ---
  duration_ms: 1123.116884
  type: 'test'
  ...
# Subtest: LOOP-065: corrupt of stderr_output refuses Done and a new run recovers
ok 118 - LOOP-065: corrupt of stderr_output refuses Done and a new run recovers
  ---
  duration_ms: 1131.510477
  type: 'test'
  ...
# Subtest: LOOP-065: a receipt without output needs a new check
ok 119 - LOOP-065: a receipt without output needs a new check
  ---
  duration_ms: 706.665933
  type: 'test'
  ...
# Subtest: LOOP-065: a receipt without output_digest needs a new check
ok 120 - LOOP-065: a receipt without output_digest needs a new check
  ---
  duration_ms: 698.009009
  type: 'test'
  ...
# Subtest: LOOP-065: a receipt without stderr_output needs a new check
ok 121 - LOOP-065: a receipt without stderr_output needs a new check
  ---
  duration_ms: 693.963675
  type: 'test'
  ...
# Subtest: LOOP-065: a receipt without stderr_digest needs a new check
ok 122 - LOOP-065: a receipt without stderr_digest needs a new check
  ---
  duration_ms: 679.908031
  type: 'test'
  ...
# Subtest: LOOP-065: legacy unverifiable output is rerun without rewriting history
ok 123 - LOOP-065: legacy unverifiable output is rerun without rewriting history
  ---
  duration_ms: 1080.996596
  type: 'test'
  ...
# Subtest: a fresh record names the kernel that wrote it (LOOP-023)
ok 124 - a fresh record names the kernel that wrote it (LOOP-023)
  ---
  duration_ms: 504.135129
  type: 'test'
  ...
# Subtest: LOOP-095: a record from another kernel is stale with the kernel named, and a new check restores Done
ok 125 - LOOP-095: a record from another kernel is stale with the kernel named, and a new check restores Done
  ---
  duration_ms: 1070.393466
  type: 'test'
  ...
# Subtest: LOOP-095: a record from no kernel is stale with the kernel named, and a new check restores Done
ok 126 - LOOP-095: a record from no kernel is stale with the kernel named, and a new check restores Done
  ---
  duration_ms: 1062.294697
  type: 'test'
  ...
# Subtest: LOOP-070: a later failure is latest even when the clock moves backward
ok 127 - LOOP-070: a later failure is latest even when the clock moves backward
  ---
  duration_ms: 804.046594
  type: 'test'
  ...
# Subtest: LOOP-070: receipt collisions at one clock instant retain execution order beyond nine suffixes
ok 128 - LOOP-070: receipt collisions at one clock instant retain execution order beyond nine suffixes
  ---
  duration_ms: 2850.009454
  type: 'test'
  ...
# Subtest: LOOP-070: imported branch receipts stale a later sequence until a new check incorporates them
ok 129 - LOOP-070: imported branch receipts stale a later sequence until a new check incorporates them
  ---
  duration_ms: 1523.438296
  type: 'test'
  ...
# Subtest: LOOP-070, LOOP-098: legacy receipts need one ordered check, remain byte-for-byte unchanged, and precede the run receipt in the history
ok 130 - LOOP-070, LOOP-098: legacy receipts need one ordered check, remain byte-for-byte unchanged, and precede the run receipt in the history
  ---
  duration_ms: 708.441257
  type: 'test'
  ...
# Subtest: LOOP-070: edit of a prior receipt requires fresh evidence
ok 131 - LOOP-070: edit of a prior receipt requires fresh evidence
  ---
  duration_ms: 782.583388
  type: 'test'
  ...
# Subtest: LOOP-070: remove of a prior receipt requires fresh evidence
ok 132 - LOOP-070: remove of a prior receipt requires fresh evidence
  ---
  duration_ms: 779.323209
  type: 'test'
  ...
# Subtest: LOOP-075: supporting evidence file README.md does not become a receipt
ok 133 - LOOP-075: supporting evidence file README.md does not become a receipt
  ---
  duration_ms: 732.801629
  type: 'test'
  ...
# Subtest: LOOP-075: supporting evidence file notes.txt does not become a receipt
ok 134 - LOOP-075: supporting evidence file notes.txt does not become a receipt
  ---
  duration_ms: 724.331427
  type: 'test'
  ...
# Subtest: LOOP-075: supporting evidence file support does not become a receipt
ok 135 - LOOP-075: supporting evidence file support does not become a receipt
  ---
  duration_ms: 735.174416
  type: 'test'
  ...
# Subtest: LOOP-075: supporting evidence file .DS_Store does not become a receipt
ok 136 - LOOP-075: supporting evidence file .DS_Store does not become a receipt
  ---
  duration_ms: 730.138539
  type: 'test'
  ...
# Subtest: LOOP-075: a malformed result line (result=success) names a repair before execution
ok 137 - LOOP-075: a malformed result line (result=success) names a repair before execution
  ---
  duration_ms: 523.671168
  type: 'test'
  ...
# Subtest: LOOP-075: a malformed result line (sequence=NaN) names a repair before execution
ok 138 - LOOP-075: a malformed result line (sequence=NaN) names a repair before execution
  ---
  duration_ms: 517.688664
  type: 'test'
  ...
# Subtest: LOOP-075: a malformed result line (sequence=9007199254740992) names a repair before execution
ok 139 - LOOP-075: a malformed result line (sequence=9007199254740992) names a repair before execution
  ---
  duration_ms: 505.166497
  type: 'test'
  ...
# Subtest: LOOP-075: a malformed result line (history_digest=wrong) names a repair before execution
ok 140 - LOOP-075: a malformed result line (history_digest=wrong) names a repair before execution
  ---
  duration_ms: 548.659522
  type: 'test'
  ...
# Subtest: LOOP-075: a malformed result line (tokens) names a repair before execution
ok 141 - LOOP-075: a malformed result line (tokens) names a repair before execution
  ---
  duration_ms: 498.642236
  type: 'test'
  ...
# Subtest: LOOP-075: a receipt-shaped directory is a named repair instead of an EISDIR crash
ok 142 - LOOP-075: a receipt-shaped directory is a named repair instead of an EISDIR crash
  ---
  duration_ms: 474.387785
  type: 'test'
  ...
# Subtest: LOOP-070: an earlier escalation cannot cover three new attempts after clock rollback
ok 143 - LOOP-070: an earlier escalation cannot cover three new attempts after clock rollback
  ---
  duration_ms: 1834.804459
  type: 'test'
  ...
# Subtest: LOOP-070: an answer becomes old after a later check even if that check's timestamp is earlier
ok 144 - LOOP-070: an answer becomes old after a later check even if that check's timestamp is earlier
  ---
  duration_ms: 998.636225
  type: 'test'
  ...
# Subtest: LOOP-070: the newest answer wins between checks even when its clock timestamp is older
ok 145 - LOOP-070: the newest answer wins between checks even when its clock timestamp is older
  ---
  duration_ms: 768.515303
  type: 'test'
  ...
# Subtest: LOOP-070: legacy escalation dates cover old receipts but not three newer sequenced runs
ok 146 - LOOP-070: legacy escalation dates cover old receipts but not three newer sequenced runs
  ---
  duration_ms: 1794.237113
  type: 'test'
  ...
# Subtest: a PKG requirement the commitment does not name is declared, run, and gates Done (PKG-011)
ok 147 - a PKG requirement the commitment does not name is declared, run, and gates Done (PKG-011)
  ---
  duration_ms: 1435.005631
  type: 'test'
  ...
# Subtest: a PKG requirement in a Draft spec is not folded in
ok 148 - a PKG requirement in a Draft spec is not folded in
  ---
  duration_ms: 414.412601
  type: 'test'
  ...
# Subtest: LOOP-076, LOOP-079: stale inputs identify the receipt and the check to run
ok 149 - LOOP-076, LOOP-079: stale inputs identify the receipt and the check to run
  ---
  duration_ms: 703.241938
  type: 'test'
  ...
# Subtest: LOOP-077: names a content change using checked input identity
ok 150 - LOOP-077: names a content change using checked input identity
  ---
  duration_ms: 682.087609
  type: 'test'
  ...
# Subtest: LOOP-077: names a mode change using checked input identity
ok 151 - LOOP-077: names a mode change using checked input identity
  ---
  duration_ms: 676.024671
  type: 'test'
  ...
# Subtest: LOOP-077: names a kind change using checked input identity
ok 152 - LOOP-077: names a kind change using checked input identity
  ---
  duration_ms: 687.819689
  type: 'test'
  ...
# Subtest: LOOP-077: names a added change using checked input identity
ok 153 - LOOP-077: names a added change using checked input identity
  ---
  duration_ms: 704.458082
  type: 'test'
  ...
# Subtest: LOOP-077: names a removed change using checked input identity
ok 154 - LOOP-077: names a removed change using checked input identity
  ---
  duration_ms: 716.012538
  type: 'test'
  ...
# Subtest: LOOP-077: names a link-target change using checked input identity
ok 155 - LOOP-077: names a link-target change using checked input identity
  ---
  duration_ms: 1089.792292
  type: 'test'
  ...
# Subtest: LOOP-077: changed selection compares the old and new input sets
ok 156 - LOOP-077: changed selection compares the old and new input sets
  ---
  duration_ms: 695.591401
  type: 'test'
  ...
# Subtest: LOOP-077: raw CRLF changes remain visible when Git-clean content agrees
ok 157 - LOOP-077: raw CRLF changes remain visible when Git-clean content agrees
  ---
  duration_ms: 628.26723
  type: 'test'
  ...
# Subtest: LOOP-077: detail output is sorted, bounded, and reports the omitted count
ok 158 - LOOP-077: detail output is sorted, bounded, and reports the omitted count
  ---
  duration_ms: 678.180022
  type: 'test'
  ...
# Subtest: LOOP-077: filenames cannot inject lines or terminal controls into explanations
ok 159 - LOOP-077: filenames cannot inject lines or terminal controls into explanations
  ---
  duration_ms: 677.126782
  type: 'test'
  ...
# Subtest: LOOP-077: receipts from one run share details and do not store source contents
ok 160 - LOOP-077: receipts from one run share details and do not store source contents
  ---
  duration_ms: 499.132359
  type: 'test'
  ...
# Subtest: LOOP-078, LOOP-080: legacy optional detail limits explanation without changing standing
ok 161 - LOOP-078, LOOP-080: legacy optional detail limits explanation without changing standing
  ---
  duration_ms: 807.13676
  type: 'test'
  ...
# Subtest: LOOP-078, LOOP-080: invalid-field optional detail limits explanation without changing standing
ok 162 - LOOP-078, LOOP-080: invalid-field optional detail limits explanation without changing standing
  ---
  duration_ms: 843.400095
  type: 'test'
  ...
# Subtest: LOOP-078, LOOP-080: missing optional detail limits explanation without changing standing
ok 163 - LOOP-078, LOOP-080: missing optional detail limits explanation without changing standing
  ---
  duration_ms: 815.786588
  type: 'test'
  ...
# Subtest: LOOP-078, LOOP-080: invalid-json optional detail limits explanation without changing standing
ok 164 - LOOP-078, LOOP-080: invalid-json optional detail limits explanation without changing standing
  ---
  duration_ms: 836.49337
  type: 'test'
  ...
# Subtest: LOOP-078, LOOP-080: mismatched optional detail limits explanation without changing standing
ok 165 - LOOP-078, LOOP-080: mismatched optional detail limits explanation without changing standing
  ---
  duration_ms: 835.694513
  type: 'test'
  ...
# Subtest: LOOP-078, LOOP-080: duplicate optional detail limits explanation without changing standing
ok 166 - LOOP-078, LOOP-080: duplicate optional detail limits explanation without changing standing
  ---
  duration_ms: 827.788089
  type: 'test'
  ...
# Subtest: LOOP-078, LOOP-080: unsafe-path optional detail limits explanation without changing standing
ok 167 - LOOP-078, LOOP-080: unsafe-path optional detail limits explanation without changing standing
  ---
  duration_ms: 819.193651
  type: 'test'
  ...
# Subtest: LOOP-078, LOOP-080: directory optional detail limits explanation without changing standing
ok 168 - LOOP-078, LOOP-080: directory optional detail limits explanation without changing standing
  ---
  duration_ms: 820.490083
  type: 'test'
  ...
# Subtest: LOOP-078, LOOP-080: symlink optional detail limits explanation without changing standing
ok 169 - LOOP-078, LOOP-080: symlink optional detail limits explanation without changing standing
  ---
  duration_ms: 815.31482
  type: 'test'
  ...
# Subtest: LOOP-078: unavailable old requirement text is not claimed as a proven change
ok 170 - LOOP-078: unavailable old requirement text is not claimed as a proven change
  ---
  duration_ms: 606.504927
  type: 'test'
  ...
# Subtest: LOOP-076, LOOP-079: changed requirements identify evidence and retain review-before-check guidance
ok 171 - LOOP-076, LOOP-079: changed requirements identify evidence and retain review-before-check guidance
  ---
  duration_ms: 708.153963
  type: 'test'
  ...
# Subtest: LOOP-078: simultaneous input and output damage keep both reasons
ok 172 - LOOP-078: simultaneous input and output damage keep both reasons
  ---
  duration_ms: 686.355819
  type: 'test'
  ...
# Subtest: LOOP-080: deterministic freshness sequence seed=7
ok 173 - LOOP-080: deterministic freshness sequence seed=7
  ---
  duration_ms: 10038.438721
  type: 'test'
  ...
# Subtest: LOOP-080: deterministic freshness sequence seed=42
ok 174 - LOOP-080: deterministic freshness sequence seed=42
  ---
  duration_ms: 8993.89194
  type: 'test'
  ...
# Subtest: LOOP-080: deterministic freshness sequence seed=913
ok 175 - LOOP-080: deterministic freshness sequence seed=913
  ---
  duration_ms: 8321.951971
  type: 'test'
  ...
# Subtest: LOOP-080: agreement changes, mechanism review, checks, and completion review retain priority
ok 176 - LOOP-080: agreement changes, mechanism review, checks, and completion review retain priority
  ---
  duration_ms: 2088.360505
  type: 'test'
  ...
# Subtest: LOOP-080: imported receipt history demands a rerun without a false input explanation
ok 177 - LOOP-080: imported receipt history demands a rerun without a false input explanation
  ---
  duration_ms: 2075.564383
  type: 'test'
  ...
# Subtest: LOOP-073: clean CRLF input completes under attributes
ok 178 - LOOP-073: clean CRLF input completes under attributes
  ---
  duration_ms: 531.148203
  type: 'test'
  ...
# Subtest: LOOP-073: clean CRLF input completes under autocrlf
ok 179 - LOOP-073: clean CRLF input completes under autocrlf
  ---
  duration_ms: 507.687467
  type: 'test'
  ...
# Subtest: LOOP-073: raw line-ending mutation during a run is rejected even when Git still sees the same content
ok 180 - LOOP-073: raw line-ending mutation during a run is rejected even when Git still sees the same content
  ---
  duration_ms: 267.497428
  type: 'test'
  ...
# Subtest: LOOP-073: execution evidence changes when clean conversion preserves committed identity
ok 181 - LOOP-073: execution evidence changes when clean conversion preserves committed identity
  ---
  duration_ms: 858.556604
  type: 'test'
  ...
# Subtest: LOOP-073: Git clean filters use Git's conversion while retaining raw evidence identity
ok 182 - LOOP-073: Git clean filters use Git's conversion while retaining raw evidence identity
  ---
  duration_ms: 546.754757
  type: 'test'
  ...
# Subtest: LOOP-073: failure of a required Git filter cannot record evidence
ok 183 - LOOP-073: failure of a required Git filter cannot record evidence
  ---
  duration_ms: 191.629359
  type: 'test'
  ...
# Subtest: LOOP-073: a clean filter moving HEAD during ending validation prevents evidence
ok 184 - LOOP-073: a clean filter moving HEAD during ending validation prevents evidence
  ---
  duration_ms: 910.300863
  type: 'test'
  ...
# Subtest: LOOP-073: canonical Git identities handle links without reading their targets
ok 185 - LOOP-073: canonical Git identities handle links without reading their targets
  ---
  duration_ms: 619.910778
  type: 'test'
  ...
# Subtest: LOOP-073: Git conversion keeps raw Unicode and control-character input paths
ok 186 - LOOP-073: Git conversion keeps raw Unicode and control-character input paths
  ---
  duration_ms: 530.130768
  type: 'test'
  ...
# Subtest: LOOP-073: conversion and links work in a SHA-256 Git repository
ok 187 - LOOP-073: conversion and links work in a SHA-256 Git repository
  ---
  duration_ms: 583.510154
  type: 'test'
  ...
# Subtest: LOOP-074: historical specification filename "café.md" remains reviewable
ok 188 - LOOP-074: historical specification filename "café.md" remains reviewable
  ---
  duration_ms: 580.682521
  type: 'test'
  ...
# Subtest: LOOP-074: historical specification filename "spec\\ttab.md" remains reviewable
ok 189 - LOOP-074: historical specification filename "spec\\ttab.md" remains reviewable
  ---
  duration_ms: 588.667002
  type: 'test'
  ...
# Subtest: LOOP-074: historical specification filename "spec\\nline.md" remains reviewable
ok 190 - LOOP-074: historical specification filename "spec\\nline.md" remains reviewable
  ---
  duration_ms: 572.955588
  type: 'test'
  ...
# Subtest: help works outside a repository without running a command (PKG-017)
ok 191 - help works outside a repository without running a command (PKG-017)
  ---
  duration_ms: 1089.322458
  type: 'test'
  ...
# Subtest: help does not hide invalid options or consume literal arguments
ok 192 - help does not hide invalid options or consume literal arguments
  ---
  duration_ms: 218.624142
  type: 'test'
  ...
# Subtest: help lists the lint command (PKG-017)
ok 193 - help lists the lint command (PKG-017)
  ---
  duration_ms: 54.417372
  type: 'test'
  ...
# Subtest: the stop hook refuses a stop while wake says Resolvable, with the verdict as the reason (PKG-018)
ok 194 - the stop hook refuses a stop while wake says Resolvable, with the verdict as the reason (PKG-018)
  ---
  duration_ms: 222.077429
  type: 'test'
  ...
# Subtest: the stop hook allows a stop at Done, at Escalate, and outside a Cairn repository (PKG-018)
ok 195 - the stop hook allows a stop at Done, at Escalate, and outside a Cairn repository (PKG-018)
  ---
  duration_ms: 1037.817377
  type: 'test'
  ...
# Subtest: the session-start hook links the command once and prints the verdict in a Cairn repository (PKG-019, PKG-014, PKG-005)
ok 196 - the session-start hook links the command once and prints the verdict in a Cairn repository (PKG-019, PKG-014, PKG-005)
  ---
  duration_ms: 452.065833
  type: 'test'
  ...
# Subtest: the session-start hook prints no verdict outside a Cairn repository and leaves an existing link that resolves alone (PKG-019)
ok 197 - the session-start hook prints no verdict outside a Cairn repository and leaves an existing link that resolves alone (PKG-019)
  ---
  duration_ms: 49.277811
  type: 'test'
  ...
# Subtest: a checkout under a path with a space links a command that resolves, and its stop hook still blocks (PKG-019, PKG-021)
ok 198 - a checkout under a path with a space links a command that resolves, and its stop hook still blocks (PKG-019, PKG-021)
  ---
  duration_ms: 360.56767
  type: 'test'
  ...
# Subtest: the hooks run the kernel the command link resolves to, so hook and agent share one referee (PKG-021)
ok 199 - the hooks run the kernel the command link resolves to, so hook and agent share one referee (PKG-021)
  ---
  duration_ms: 1005.212229
  type: 'test'
  ...
# Subtest: a dangling link is replaced and reported (PKG-019)
ok 200 - a dangling link is replaced and reported (PKG-019)
  ---
  duration_ms: 214.166103
  type: 'test'
  ...
# Subtest: errors exit 0 with one line on standard error and no stack trace (PKG-022)
ok 201 - errors exit 0 with one line on standard error and no stack trace (PKG-022)
  ---
  duration_ms: 264.290416
  type: 'test'
  ...
# Subtest: the hooks judge with the cairn on PATH, a wrapper included, and session-start names it (PKG-033)
ok 202 - the hooks judge with the cairn on PATH, a wrapper included, and session-start names it (PKG-033)
  ---
  duration_ms: 1104.626011
  type: 'test'
  ...
# Subtest: a link to a wrapper or file is kept; a dangling link or one to a directory is replaced (PKG-034)
ok 203 - a link to a wrapper or file is kept; a dangling link or one to a directory is replaced (PKG-034)
  ---
  duration_ms: 493.684106
  type: 'test'
  ...
# Subtest: a project below the Git toplevel gets the verdict and the stop refusal (PKG-035)
ok 204 - a project below the Git toplevel gets the verdict and the stop refusal (PKG-035)
  ---
  duration_ms: 472.769101
  type: 'test'
  ...
# Subtest: a kernel that prints no verdict is one stderr line: the stop is allowed and session-start prints no trace (PKG-036)
ok 205 - a kernel that prints no verdict is one stderr line: the stop is allowed and session-start prints no trace (PKG-036)
  ---
  duration_ms: 247.071934
  type: 'test'
  ...
# Subtest: a link that cannot be created is one stderr line, and the verdict still prints (PKG-019, PKG-022)
ok 206 - a link that cannot be created is one stderr line, and the verdict still prints (PKG-019, PKG-022) # SKIP root writes everywhere
  ---
  duration_ms: 0.204681
  type: 'test'
  ...
# Subtest: with git absent the hooks say so in one line and block nothing (PKG-022)
ok 207 - with git absent the hooks say so in one line and block nothing (PKG-022)
  ---
  duration_ms: 180.766673
  type: 'test'
  ...
# Subtest: cairn lint runs the checker over docs/spec by default and over a named directory (PKG-028)
ok 208 - cairn lint runs the checker over docs/spec by default and over a named directory (PKG-028)
  ---
  duration_ms: 433.847257
  type: 'test'
  ...
# Subtest: cairn lint names a missing directory in one line, takes one argument, and reports a bad root (PKG-028)
ok 209 - cairn lint names a missing directory in one line, takes one argument, and reports a bad root (PKG-028)
  ---
  duration_ms: 290.583068
  type: 'test'
  ...
# Subtest: three megabytes are retained exactly once with matching digests (LOOP-041, LOOP-042)
ok 210 - three megabytes are retained exactly once with matching digests (LOOP-041, LOOP-042)
  ---
  duration_ms: 340.152657
  type: 'test'
  ...
# Subtest: split stdout result lines survive a long non-result line; stderr is never a verdict
ok 211 - split stdout result lines survive a long non-result line; stderr is never a verdict
  ---
  duration_ms: 347.015151
  type: 'test'
  ...
# Subtest: signal termination is recorded and logs survive a clone (LOOP-043)
ok 212 - signal termination is recorded and logs survive a clone (LOOP-043)
  ---
  duration_ms: 375.242014
  type: 'test'
  ...
# Subtest: working agreements and ignore changes are Cairn records inside the footprint
ok 213 - working agreements and ignore changes are Cairn records inside the footprint
  ---
  duration_ms: 387.059138
  type: 'test'
  ...
# Subtest: a clean package passes
ok 214 - a clean package passes
  ---
  duration_ms: 145.31586
  type: 'test'
  ...
# Subtest: PKG-001: a dependency, or a service manifest
ok 215 - PKG-001: a dependency, or a service manifest
  ---
  duration_ms: 278.150523
  type: 'test'
  ...
# Subtest: PKG-002: ignoring evidence or other durable state, by directory or by extension
ok 216 - PKG-002: ignoring evidence or other durable state, by directory or by extension
  ---
  duration_ms: 280.657267
  type: 'test'
  ...
# Subtest: PKG-003: a command, a directory, or a record kind no decision names
ok 217 - PKG-003: a command, a directory, or a record kind no decision names
  ---
  duration_ms: 403.202887
  type: 'test'
  ...
# Subtest: PKG-004: a kernel over 1600 lines, counting every file under bin/ as wc -l does; exactly 1600 passes
ok 218 - PKG-004: a kernel over 1600 lines, counting every file under bin/ as wc -l does; exactly 1600 passes
  ---
  duration_ms: 536.939073
  type: 'test'
  ...
# Subtest: PKG-006: a skill step naming a vendor's product, in either order, across a wrapped list item (PKG-027)
ok 219 - PKG-006: a skill step naming a vendor's product, in either order, across a wrapped list item (PKG-027)
  ---
  duration_ms: 550.929168
  type: 'test'
  ...
# Subtest: PKG-008: a non-ASCII character in a tracked text file
ok 220 - PKG-008: a non-ASCII character in a tracked text file
  ---
  duration_ms: 141.458785
  type: 'test'
  ...
# Subtest: PKG-009: the kernel importing from tests
ok 221 - PKG-009: the kernel importing from tests
  ---
  duration_ms: 140.92499
  type: 'test'
  ...
# Subtest: PKG-012: a network call or a model vendor in the kernel
ok 222 - PKG-012: a network call or a model vendor in the kernel
  ---
  duration_ms: 260.140107
  type: 'test'
  ...
# Subtest: PKG-013: deferral language, but not in code, quotes, or a rule
ok 223 - PKG-013: deferral language, but not in code, quotes, or a rule
  ---
  duration_ms: 954.576067
  type: 'test'
  ...
# Subtest: a tracked path deleted from the working tree is skipped, not a crash
ok 224 - a tracked path deleted from the working tree is skipped, not a crash
  ---
  duration_ms: 139.766775
  type: 'test'
  ...
# Subtest: a sentence in a Formats section is not a record kind
ok 225 - a sentence in a Formats section is not a record kind
  ---
  duration_ms: 184.625045
  type: 'test'
  ...
# Subtest: a record kind named by its path alone is checked
ok 226 - a record kind named by its path alone is checked
  ---
  duration_ms: 130.140249
  type: 'test'
  ...
# Subtest: PKG-002: a tracked in-progress record
ok 227 - PKG-002: a tracked in-progress record
  ---
  duration_ms: 141.15258
  type: 'test'
  ...
# Subtest: PKG-002: ignoring evidence alone is a finding
ok 228 - PKG-002: ignoring evidence alone is a finding
  ---
  duration_ms: 186.746523
  type: 'test'
  ...
# Subtest: PKG-003 reads the kernel's commands from its help output (PKG-023)
ok 229 - PKG-003 reads the kernel's commands from its help output (PKG-023)
  ---
  duration_ms: 185.493799
  type: 'test'
  ...
# Subtest: the ASCII scan covers shipped files, not records under .cairn/ (PKG-024)
ok 230 - the ASCII scan covers shipped files, not records under .cairn/ (PKG-024)
  ---
  duration_ms: 155.997423
  type: 'test'
  ...
# Subtest: a vendor-naming step wrapped across lines is matched (PKG-006, PKG-027)
ok 231 - a vendor-naming step wrapped across lines is matched (PKG-006, PKG-027)
  ---
  duration_ms: 136.433465
  type: 'test'
  ...
# Subtest: PKG-013 scans the README, the manual, and the walkthrough (PKG-032)
ok 232 - PKG-013 scans the README, the manual, and the walkthrough (PKG-032)
  ---
  duration_ms: 394.527599
  type: 'test'
  ...
# Subtest: the manifests, the listing and package.json agree on the name and version, and name paths the repository holds (PKG-037)
ok 233 - the manifests, the listing and package.json agree on the name and version, and name paths the repository holds (PKG-037)
  ---
  duration_ms: 2.858971
  type: 'test'
  ...
# Subtest: the hooks file registers session-start and stop against the plugin's own hook.mjs through the plugin root variable (PKG-038)
ok 234 - the hooks file registers session-start and stop against the plugin's own hook.mjs through the plugin root variable (PKG-038)
  ---
  duration_ms: 0.158735
  type: 'test'
  ...
# Subtest: the registered commands print the verdict at session start, link the command into the plugin, and refuse a stop while wake says Resolvable (PKG-038, PKG-021)
ok 235 - the registered commands print the verdict at session start, link the command into the plugin, and refuse a stop while wake says Resolvable (PKG-038, PKG-021)
  ---
  duration_ms: 356.484003
  type: 'test'
  ...
# Subtest: LOOP-071: decision body metadata does not resolve unbuilt work: "Superseded by: example"
ok 236 - LOOP-071: decision body metadata does not resolve unbuilt work: "Superseded by: example"
  ---
  duration_ms: 760.34886
  type: 'test'
  ...
# Subtest: LOOP-071: decision body metadata does not resolve unbuilt work: "```text\\nSuperseded by: example\\n```"
ok 237 - LOOP-071: decision body metadata does not resolve unbuilt work: "```text\\nSuperseded by: example\\n```"
  ---
  duration_ms: 702.069403
  type: 'test'
  ...
# Subtest: LOOP-071: decision body metadata does not resolve unbuilt work: "~~~text\\nSuperseded by: example\\n~~~"
ok 238 - LOOP-071: decision body metadata does not resolve unbuilt work: "~~~text\\nSuperseded by: example\\n~~~"
  ---
  duration_ms: 715.61128
  type: 'test'
  ...
# Subtest: LOOP-071: a fenced realization example is not a resolving commit
ok 239 - LOOP-071: a fenced realization example is not a resolving commit
  ---
  duration_ms: 621.977666
  type: 'test'
  ...
# Subtest: LOOP-071: a fenced commit inside the realization section is not built
ok 240 - LOOP-071: a fenced commit inside the realization section is not built
  ---
  duration_ms: 619.412953
  type: 'test'
  ...
# Subtest: LOOP-071: \#\# Example cannot replace an open review finding
ok 241 - LOOP-071: \#\# Example cannot replace an open review finding
  ---
  duration_ms: 627.224852
  type: 'test'
  ...
# Subtest: LOOP-071: \# Example cannot replace an open review finding
ok 242 - LOOP-071: \# Example cannot replace an open review finding
  ---
  duration_ms: 634.555863
  type: 'test'
  ...
# Subtest: LOOP-071: \#\#\# Example cannot replace an open review finding
ok 243 - LOOP-071: \#\#\# Example cannot replace an open review finding
  ---
  duration_ms: 623.72652
  type: 'test'
  ...
# Subtest: LOOP-071:   \#\# Example cannot replace an open review finding
ok 244 - LOOP-071:   \#\# Example cannot replace an open review finding
  ---
  duration_ms: 632.842829
  type: 'test'
  ...
# Subtest: LOOP-071: Example paragraph. cannot replace an open review finding
ok 245 - LOOP-071: Example paragraph. cannot replace an open review finding
  ---
  duration_ms: 617.128824
  type: 'test'
  ...
# Subtest: LOOP-071: Example\\n------- cannot replace an open review finding
ok 246 - LOOP-071: Example\\n------- cannot replace an open review finding
  ---
  duration_ms: 616.158737
  type: 'test'
  ...
# Subtest: LOOP-071: fenced fields before a real review header are ignored
ok 247 - LOOP-071: fenced fields before a real review header are ignored
  ---
  duration_ms: 626.351535
  type: 'test'
  ...
# Subtest: LOOP-071: multiline decision --title cannot inject metadata
ok 248 - LOOP-071: multiline decision --title cannot inject metadata
  ---
  duration_ms: 551.94047
  type: 'test'
  ...
# Subtest: LOOP-071: multiline decision --decided-by cannot inject metadata
ok 249 - LOOP-071: multiline decision --decided-by cannot inject metadata
  ---
  duration_ms: 587.911334
  type: 'test'
  ...
# Subtest: LOOP-071: multiline decision --rests-on cannot inject metadata
ok 250 - LOOP-071: multiline decision --rests-on cannot inject metadata
  ---
  duration_ms: 557.068756
  type: 'test'
  ...
# Subtest: LOOP-071: multiline decision --wrong-if cannot inject metadata
ok 251 - LOOP-071: multiline decision --wrong-if cannot inject metadata
  ---
  duration_ms: 556.373094
  type: 'test'
  ...
# Subtest: LOOP-071: multiline decision --history cannot inject metadata
ok 252 - LOOP-071: multiline decision --history cannot inject metadata
  ---
  duration_ms: 548.3843
  type: 'test'
  ...
# Subtest: LOOP-072: malformed Blocking concerns stay open: "R-001\\nAnswer: ok"
ok 253 - LOOP-072: malformed Blocking concerns stay open: "R-001\\nAnswer: ok"
  ---
  duration_ms: 211.233954
  type: 'test'
  ...
# Subtest: LOOP-072: malformed Blocking concerns stay open: "R-001\\r\\nAnswer: ok"
ok 254 - LOOP-072: malformed Blocking concerns stay open: "R-001\\r\\nAnswer: ok"
  ---
  duration_ms: 200.480528
  type: 'test'
  ...
# Subtest: LOOP-072: malformed Blocking concerns stay open: "R-001\\rAnswer: ok"
ok 255 - LOOP-072: malformed Blocking concerns stay open: "R-001\\rAnswer: ok"
  ---
  duration_ms: 207.619157
  type: 'test'
  ...
# Subtest: LOOP-072: malformed Blocking concerns stay open: "R-001 Answer: ok"
ok 256 - LOOP-072: malformed Blocking concerns stay open: "R-001 Answer: ok"
  ---
  duration_ms: 206.845669
  type: 'test'
  ...
# Subtest: LOOP-072: malformed Blocking concerns stay open: "R-001 Answer: ok"
ok 257 - LOOP-072: malformed Blocking concerns stay open: "R-001 Answer: ok"
  ---
  duration_ms: 199.715599
  type: 'test'
  ...
# Subtest: LOOP-072: ordinary malformed concerns are refused: "R-001\\nR-002"
ok 258 - LOOP-072: ordinary malformed concerns are refused: "R-001\\nR-002"
  ---
  duration_ms: 139.547223
  type: 'test'
  ...
# Subtest: LOOP-072: ordinary malformed concerns are refused: "R-001, prose"
ok 259 - LOOP-072: ordinary malformed concerns are refused: "R-001, prose"
  ---
  duration_ms: 136.286606
  type: 'test'
  ...
# Subtest: LOOP-072: ordinary malformed concerns are refused: " "
ok 260 - LOOP-072: ordinary malformed concerns are refused: " "
  ---
  duration_ms: 154.38817
  type: 'test'
  ...
# Subtest: LOOP-072: a Blocking escalation without concerns is still presented
ok 261 - LOOP-072: a Blocking escalation without concerns is still presented
  ---
  duration_ms: 198.386741
  type: 'test'
  ...
# Subtest: LOOP-072: carriage returns in a Blocking question do not create answer records
ok 262 - LOOP-072: carriage returns in a Blocking question do not create answer records
  ---
  duration_ms: 203.119699
  type: 'test'
  ...
# Subtest: LOOP-072: explanation separator 8232 cannot close an escalation
ok 263 - LOOP-072: explanation separator 8232 cannot close an escalation
  ---
  duration_ms: 322.362936
  type: 'test'
  ...
# Subtest: LOOP-071: decision metadata refuses separator 8232
ok 264 - LOOP-071: decision metadata refuses separator 8232
  ---
  duration_ms: 564.897374
  type: 'test'
  ...
# Subtest: LOOP-072: explanation separator 8233 cannot close an escalation
ok 265 - LOOP-072: explanation separator 8233 cannot close an escalation
  ---
  duration_ms: 318.966223
  type: 'test'
  ...
# Subtest: LOOP-071: decision metadata refuses separator 8233
ok 266 - LOOP-071: decision metadata refuses separator 8233
  ---
  duration_ms: 560.159292
  type: 'test'
  ...
# Subtest: Concerns, Rests on, and Promoted from written as lists read as the flat form (LOOP-124)
ok 267 - Concerns, Rests on, and Promoted from written as lists read as the flat form (LOOP-124)
  ---
  duration_ms: 790.752034
  type: 'test'
  ...
# Subtest: an item named by filename, path, or backticked slug resolves like the slug (LOOP-125)
ok 268 - an item named by filename, path, or backticked slug resolves like the slug (LOOP-125)
  ---
  duration_ms: 800.757612
  type: 'test'
  ...
# Subtest: an input that covers Cairn's own output is named as the repair, before and after a check (LOOP-126, LOOP-105)
ok 269 - an input that covers Cairn's own output is named as the repair, before and after a check (LOOP-126, LOOP-105)
  ---
  duration_ms: 792.485782
  type: 'test'
  ...
# Subtest: an unreadable record directory is a repair, not an error exit (LOOP-127)
ok 270 - an unreadable record directory is a repair, not an error exit (LOOP-127) # SKIP root reads everything
  ---
  duration_ms: 0.260344
  type: 'test'
  ...
# Subtest: a title that slugifies to nothing is refused (LOOP-128)
ok 271 - a title that slugifies to nothing is refused (LOOP-128)
  ---
  duration_ms: 213.084906
  type: 'test'
  ...
# Subtest: examined: [] is an empty list (LOOP-129, LOOP-108)
ok 272 - examined: [] is an empty list (LOOP-129, LOOP-108)
  ---
  duration_ms: 478.749468
  type: 'test'
  ...
# Subtest: below the Git toplevel the restore check compares root-relative paths (LOOP-130, LOOP-035)
ok 273 - below the Git toplevel the restore check compares root-relative paths (LOOP-130, LOOP-035)
  ---
  duration_ms: 575.921768
  type: 'test'
  ...
# Subtest: below the Git toplevel an uncommitted declared input is named from the project root (LOOP-132, LOOP-030)
ok 274 - below the Git toplevel an uncommitted declared input is named from the project root (LOOP-132, LOOP-030)
  ---
  duration_ms: 341.514708
  type: 'test'
  ...
# Subtest: an input spelled .. from a project below the Git toplevel covers the evidence directory (LOOP-126, LOOP-105)
ok 275 - an input spelled .. from a project below the Git toplevel covers the evidence directory (LOOP-126, LOOP-105)
  ---
  duration_ms: 234.254114
  type: 'test'
  ...
# Subtest: a Consequential record this commitment added needs its queue entry committed (LOOP-131, DEC-004)
ok 276 - a Consequential record this commitment added needs its queue entry committed (LOOP-131, DEC-004)
  ---
  duration_ms: 780.775438
  type: 'test'
  ...
# Subtest: a mechanism that removes the check lock still gets its evidence, with no repair for the lock (LOOP-107)
ok 277 - a mechanism that removes the check lock still gets its evidence, with no repair for the lock (LOOP-107)
  ---
  duration_ms: 292.299419
  type: 'test'
  ...
# Subtest: a staged rename reads as its two paths, never as a bare origin token (LOOP-030, LOOP-110)
ok 278 - a staged rename reads as its two paths, never as a bare origin token (LOOP-030, LOOP-110)
  ---
  duration_ms: 179.825866
  type: 'test'
  ...
# Subtest: a Current: line inside a fenced example is neither a second Current: line nor the commitment, before or after the real line (LOOP-104)
ok 279 - a Current: line inside a fenced example is neither a second Current: line nor the commitment, before or after the real line (LOOP-104)
  ---
  duration_ms: 366.608448
  type: 'test'
  ...
# Subtest: a Status: word is taken only from a line that carries one, never from wrapped prose after it (SPEC-018)
ok 280 - a Status: word is taken only from a line that carries one, never from wrapped prose after it (SPEC-018)
  ---
  duration_ms: 0.855526
  type: 'test'
  ...
# Subtest: the placeholder left above a resolving entry is a repair naming the file (DEC-021)
ok 281 - the placeholder left above a resolving entry is a repair naming the file (DEC-021)
  ---
  duration_ms: 669.435407
  type: 'test'
  ...
# Subtest: the placeholder alone is a decision recorded and not yet built, unchanged (DEC-007)
ok 282 - the placeholder alone is a decision recorded and not yet built, unchanged (DEC-007)
  ---
  duration_ms: 220.910032
  type: 'test'
  ...
# Subtest: resolving entries with no placeholder are unchanged (DEC-006)
ok 283 - resolving entries with no placeholder are unchanged (DEC-006)
  ---
  duration_ms: 279.166034
  type: 'test'
  ...
# Subtest: a shallow clone that cannot resolve its entries is still told to fetch, not to edit (LOOP-113 keeps precedence)
ok 284 - a shallow clone that cannot resolve its entries is still told to fetch, not to edit (LOOP-113 keeps precedence)
  ---
  duration_ms: 339.215512
  type: 'test'
  ...
# Subtest: the placeholder quoted in a fenced example does not make a built record a repair (DEC-021)
ok 285 - the placeholder quoted in a fenced example does not make a built record a repair (DEC-021)
  ---
  duration_ms: 273.065192
  type: 'test'
  ...
# Subtest: supersede takes the same decider vocabulary as decide (DEC-020)
ok 286 - supersede takes the same decider vocabulary as decide (DEC-020)
  ---
  duration_ms: 188.689048
  type: 'test'
  ...
# Subtest: a superseded record is held to the same line: its placeholder above a resolving entry is a repair (DEC-021, DEC-010)
ok 287 - a superseded record is held to the same line: its placeholder above a resolving entry is a repair (DEC-021, DEC-010)
  ---
  duration_ms: 440.800532
  type: 'test'
  ...
# Subtest: realize() touches only the Realized by section; a body that quotes the placeholder keeps it
ok 288 - realize() touches only the Realized by section; a body that quotes the placeholder keeps it
  ---
  duration_ms: 276.677791
  type: 'test'
  ...
# Subtest: an unmatched input is refused before execution (LOOP-044)
ok 289 - an unmatched input is refused before execution (LOOP-044)
  ---
  duration_ms: 280.60475
  type: 'test'
  ...
# Subtest: an indexed input deleted on disk asks for a commit (LOOP-045)
ok 290 - an indexed input deleted on disk asks for a commit (LOOP-045)
  ---
  duration_ms: 227.055758
  type: 'test'
  ...
# Subtest: wake and check require a Git working tree (LOOP-046)
ok 291 - wake and check require a Git working tree (LOOP-046)
  ---
  duration_ms: 200.292829
  type: 'test'
  ...
# Subtest: recovery removes only dead kernel run records and identifies a live owner (LOOP-054, LOOP-055)
ok 292 - recovery removes only dead kernel run records and identifies a live owner (LOOP-054, LOOP-055)
  ---
  duration_ms: 367.273747
  type: 'test'
  ...
# Subtest: an agent action based behind a clean HEAD appears committed (LOOP-027)
ok 293 - an agent action based behind a clean HEAD appears committed (LOOP-027)
  ---
  duration_ms: 312.307168
  type: 'test'
  ...
# Subtest: realization needs a real commit and a subject (DEC-006)
ok 294 - realization needs a real commit and a subject (DEC-006)
  ---
  duration_ms: 319.505071
  type: 'test'
  ...
# Subtest: 1500 binary inputs digest identically at the review commit in under a second (LOOP-024)
ok 295 - 1500 binary inputs digest identically at the review commit in under a second (LOOP-024)
  ---
  duration_ms: 1063.207893
  type: 'test'
  ...
# Subtest: merged work is excluded but a later own commit is a breach (LOOP-047)
ok 296 - merged work is excluded but a later own commit is a breach (LOOP-047)
  ---
  duration_ms: 516.084688
  type: 'test'
  ...
# Subtest: exact Current tenure ignores prefix matches and earlier visits to the same slug (LOOP-035)
ok 297 - exact Current tenure ignores prefix matches and earlier visits to the same slug (LOOP-035)
  ---
  duration_ms: 611.220946
  type: 'test'
  ...
# Subtest: a kernel run records its supervising PID (LOOP-054)
ok 298 - a kernel run records its supervising PID (LOOP-054)
  ---
  duration_ms: 279.342836
  type: 'test'
  ...
# Subtest: a merged declared input still stales evidence (LOOP-047)
ok 299 - a merged declared input still stales evidence (LOOP-047)
  ---
  duration_ms: 639.265087
  type: 'test'
  ...
# Subtest: wildcard and magic pathspecs select the same historical inputs (LOOP-024, LOOP-032)
ok 300 - wildcard and magic pathspecs select the same historical inputs (LOOP-024, LOOP-032)
  ---
  duration_ms: 2527.297993
  type: 'test'
  ...
# Subtest: historical selection retains deleted files and excludes new ones (LOOP-024, LOOP-035)
ok 301 - historical selection retains deleted files and excludes new ones (LOOP-024, LOOP-035)
  ---
  duration_ms: 1905.792415
  type: 'test'
  ...
# Subtest: cairn --version prints the package.json version outside a repository, and help lists it (PKG-039)
ok 302 - cairn --version prints the package.json version outside a repository, and help lists it (PKG-039)
  ---
  duration_ms: 166.006854
  type: 'test'
  ...
# Subtest: a release is one commit setting one version in the five files, with the changelog entry, tagged v<version> (PKG-040)
ok 303 - a release is one commit setting one version in the five files, with the changelog entry, tagged v<version> (PKG-040)
  ---
  duration_ms: 996.885305
  type: 'test'
  ...
# Subtest: the release script refuses a bad version, no increase, a dirty tree, a missing entry, a taken tag, a disagreeing file, and a loop not at Done, each in one line with nothing written (PKG-040)
ok 304 - the release script refuses a bad version, no increase, a dirty tree, a missing entry, a taken tag, a disagreeing file, and a loop not at Done, each in one line with nothing written (PKG-040)
  ---
  duration_ms: 2065.065323
  type: 'test'
  ...
# Subtest: explicit reporting with no lines and exit 0 establishes no requirement verdicts (LOOP-061)
ok 305 - explicit reporting with no lines and exit 0 establishes no requirement verdicts (LOOP-061)
  ---
  duration_ms: 389.613824
  type: 'test'
  ...
# Subtest: explicit reporting with no lines and exit 1 establishes no requirement verdicts (LOOP-061)
ok 306 - explicit reporting with no lines and exit 1 establishes no requirement verdicts (LOOP-061)
  ---
  duration_ms: 376.512812
  type: 'test'
  ...
# Subtest: a reporter that cannot start keeps execution diagnostics without blaming requirements (LOOP-062)
ok 307 - a reporter that cannot start keeps execution diagnostics without blaming requirements (LOOP-062)
  ---
  duration_ms: 259.169865
  type: 'test'
  ...
# Subtest: large output cannot kill a reporter or invent a requirement verdict
ok 308 - large output cannot kill a reporter or invent a requirement verdict
  ---
  duration_ms: 306.811127
  type: 'test'
  ...
# Subtest: explicit mode ignores cairn: R-999: pass
ok 309 - explicit mode ignores cairn: R-999: pass
  ---
  duration_ms: 297.822743
  type: 'test'
  ...
# Subtest: explicit mode ignores cairn: R-001: unverified
ok 310 - explicit mode ignores cairn: R-001: unverified
  ---
  duration_ms: 304.206638
  type: 'test'
  ...
# Subtest: explicit mode ignores cairn: R-001: passed
ok 311 - explicit mode ignores cairn: R-001: passed
  ---
  duration_ms: 297.661314
  type: 'test'
  ...
# Subtest: explicit results survive nonzero exit and contradictory duplicates still fail
ok 312 - explicit results survive nonzero exit and contradictory duplicates still fail
  ---
  duration_ms: 571.843552
  type: 'test'
  ...
# Subtest: unverified results across changed inputs never become failed attempts
ok 313 - unverified results across changed inputs never become failed attempts
  ---
  duration_ms: 1764.97522
  type: 'test'
  ...
# Subtest: legacy exit 0 retains its interpretation
ok 314 - legacy exit 0 retains its interpretation
  ---
  duration_ms: 287.711147
  type: 'test'
  ...
# Subtest: legacy exit 1 retains its interpretation
ok 315 - legacy exit 1 retains its interpretation
  ---
  duration_ms: 324.132408
  type: 'test'
  ...
# Subtest: a misspelled reporting mode is refused before execution
ok 316 - a misspelled reporting mode is refused before execution
  ---
  duration_ms: 216.453868
  type: 'test'
  ...
# Subtest: changed requirement blocks unchecked reruns and makes the completion review stale (LOOP-058, LOOP-059)
ok 317 - changed requirement blocks unchecked reruns and makes the completion review stale (LOOP-058, LOOP-059)
  ---
  duration_ms: 1570.142295
  type: 'test'
  ...
# Subtest: falsifier changes need review; separate rationale and other requirements do not change a receipt
ok 318 - falsifier changes need review; separate rationale and other requirements do not change a receipt
  ---
  duration_ms: 1167.214888
  type: 'test'
  ...
# Subtest: legacy receipts recover requirement identity from their commit; unavailable history requires review
ok 319 - legacy receipts recover requirement identity from their commit; unavailable history requires review
  ---
  duration_ms: 1034.2012
  type: 'test'
  ...
# Subtest: check refuses uncommitted requirement text and mechanism review markers
ok 320 - check refuses uncommitted requirement text and mechanism review markers
  ---
  duration_ms: 1075.534308
  type: 'test'
  ...
# Subtest: tightened response limit cannot reuse the old passing check
ok 321 - tightened response limit cannot reuse the old passing check
  ---
  duration_ms: 1872.039481
  type: 'test'
  ...
# Subtest: a declared input over 1 MiB agrees at a commit and in the tree (LOOP-060)
ok 322 - a declared input over 1 MiB agrees at a commit and in the tree (LOOP-060)
  ---
  duration_ms: 728.377055
  type: 'test'
  ...
# Subtest: a failed Git blob read cannot be hashed as an empty blob
ok 323 - a failed Git blob read cannot be hashed as an empty blob
  ---
  duration_ms: 550.5691
  type: 'test'
  ...
# Subtest: Git listings over 1 MiB include the last declared input
ok 324 - Git listings over 1 MiB include the last declared input
  ---
  duration_ms: 2168.088728
  type: 'test'
  ...
# Subtest: requirement identity excludes fenced examples and status dates
ok 325 - requirement identity excludes fenced examples and status dates
  ---
  duration_ms: 785.289092
  type: 'test'
  ...
# Subtest: DemonCoder REM-002 and Status in progress cannot silently satisfy the review gate (LOOP-086)
ok 326 - DemonCoder REM-002 and Status in progress cannot silently satisfy the review gate (LOOP-086)
  ---
  duration_ms: 769.859263
  type: 'test'
  ...
# Subtest: valid open findings retain their behavior
ok 327 - valid open findings retain their behavior
  ---
  duration_ms: 609.418137
  type: 'test'
  ...
# Subtest: valid resolved findings retain their behavior
ok 328 - valid resolved findings retain their behavior
  ---
  duration_ms: 587.515754
  type: 'test'
  ...
# Subtest: valid empty findings retain their behavior
ok 329 - valid empty findings retain their behavior
  ---
  duration_ms: 575.766238
  type: 'test'
  ...
# Subtest: valid mixed valid findings retain their behavior
ok 330 - valid mixed valid findings retain their behavior
  ---
  duration_ms: 577.130622
  type: 'test'
  ...
# Subtest: malformed finding "open:" requires repair
ok 331 - malformed finding "open:" requires repair
  ---
  duration_ms: 559.949592
  type: 'test'
  ...
# Subtest: malformed finding "resolved:   " requires repair
ok 332 - malformed finding "resolved:   " requires repair
  ---
  duration_ms: 553.743015
  type: 'test'
  ...
# Subtest: malformed finding "Open: incorrect case" requires repair
ok 333 - malformed finding "Open: incorrect case" requires repair
  ---
  duration_ms: 581.810446
  type: 'test'
  ...
# Subtest: malformed finding "unknown: issue" requires repair
ok 334 - malformed finding "unknown: issue" requires repair
  ---
  duration_ms: 543.408563
  type: 'test'
  ...
# Subtest: malformed finding "\\u001b[31mBAD: issue" requires repair
ok 335 - malformed finding "\\u001b[31mBAD: issue" requires repair
  ---
  duration_ms: 563.780044
  type: 'test'
  ...
# Subtest: the established explicit empty findings list remains valid
ok 336 - the established explicit empty findings list remains valid
  ---
  duration_ms: 544.350577
  type: 'test'
  ...
# Subtest: a scalar findings value requires the supported list format
ok 337 - a scalar findings value requires the supported list format
  ---
  duration_ms: 576.865321
  type: 'test'
  ...
# Subtest: a Requirements: line written as a list is read like the flat form (LOOP-102)
ok 338 - a Requirements: line written as a list is read like the flat form (LOOP-102)
  ---
  duration_ms: 181.149948
  type: 'test'
  ...
# Subtest: a subdirectory or a README in a record directory changes nothing (LOOP-103)
ok 339 - a subdirectory or a README in a record directory changes nothing (LOOP-103)
  ---
  duration_ms: 589.457753
  type: 'test'
  ...
# Subtest: two Current: lines are a roadmap repair (LOOP-104)
ok 340 - two Current: lines are a roadmap repair (LOOP-104)
  ---
  duration_ms: 150.985023
  type: 'test'
  ...
# Subtest: a repeated identifier, an input under the evidence directory, and a missing cwd are refused by name (LOOP-105)
ok 341 - a repeated identifier, an input under the evidence directory, and a missing cwd are refused by name (LOOP-105)
  ---
  duration_ms: 643.968224
  type: 'test'
  ...
# Subtest: a requirement whose evidence outlives its mechanism is named declare, not a regression or an escalation (LOOP-106)
ok 342 - a requirement whose evidence outlives its mechanism is named declare, not a regression or an escalation (LOOP-106)
  ---
  duration_ms: 965.967967
  type: 'test'
  ...
# Subtest: an unreadable record is a repair, not an error exit (LOOP-107)
ok 343 - an unreadable record is a repair, not an error exit (LOOP-107) # SKIP root reads everything
  ---
  duration_ms: 0.209562
  type: 'test'
  ...
# Subtest: a review needs commit, a nonempty examined list, and a findings list, each named when missing (LOOP-108)
ok 344 - a review needs commit, a nonempty examined list, and a findings list, each named when missing (LOOP-108)
  ---
  duration_ms: 1312.865079
  type: 'test'
  ...
# Subtest: a decision record missing a header field or naming a missing predecessor is a repair (LOOP-109)
ok 345 - a decision record missing a header field or naming a missing predecessor is a repair (LOOP-109)
  ---
  duration_ms: 716.602002
  type: 'test'
  ...
# Subtest: a dirty declared input with no in-progress record is named record ahead of run (LOOP-022, LOOP-110)
ok 346 - a dirty declared input with no in-progress record is named record ahead of run (LOOP-022, LOOP-110)
  ---
  duration_ms: 387.641144
  type: 'test'
  ...
# Subtest: with core.filemode false the index mode is the identity, so a mode-only difference does not refuse the check (LOOP-111)
ok 347 - with core.filemode false the index mode is the identity, so a mode-only difference does not refuse the check (LOOP-111)
  ---
  duration_ms: 293.424681
  type: 'test'
  ...
# Subtest: a project below the Git toplevel can run check (LOOP-112)
ok 348 - a project below the Git toplevel can run check (LOOP-112)
  ---
  duration_ms: 396.354176
  type: 'test'
  ...
# Subtest: a shallow clone names history to fetch, not a decision to build (LOOP-113)
ok 349 - a shallow clone names history to fetch, not a decision to build (LOOP-113)
  ---
  duration_ms: 513.292332
  type: 'test'
  ...
# Subtest: record-writing commands refuse to run outside a Cairn repository and write nothing (LOOP-118)
ok 350 - record-writing commands refuse to run outside a Cairn repository and write nothing (LOOP-118)
  ---
  duration_ms: 332.696836
  type: 'test'
  ...
# Subtest: empty footprint names declaration before scope and records no evidence (LOOP-081)
ok 351 - empty footprint names declaration before scope and records no evidence (LOOP-081)
  ---
  duration_ms: 640.492468
  type: 'test'
  ...
# Subtest: first declaration still checks the full earlier history (LOOP-081)
ok 352 - first declaration still checks the full earlier history (LOOP-081)
  ---
  duration_ms: 530.592719
  type: 'test'
  ...
# Subtest: an empty current footprint does not block an explicitly requested existing mechanism (LOOP-081)
ok 353 - an empty current footprint does not block an explicitly requested existing mechanism (LOOP-081)
  ---
  duration_ms: 364.058864
  type: 'test'
  ...
# Subtest: an inherited mechanism provides a footprint even before local mechanisms exist
ok 354 - an inherited mechanism provides a footprint even before local mechanisms exist
  ---
  duration_ms: 350.648473
  type: 'test'
  ...
# Subtest: scope reports every path, escapes line breaks, and gives identical remedies (LOOP-082)
ok 355 - scope reports every path, escapes line breaks, and gives identical remedies (LOOP-082)
  ---
  duration_ms: 344.628143
  type: 'test'
  ...
# Subtest: scope verdict reuses the answered-escalation annotation (LOOP-048, LOOP-051, LOOP-083)
ok 356 - scope verdict reuses the answered-escalation annotation (LOOP-048, LOOP-051, LOOP-083)
  ---
  duration_ms: 815.681238
  type: 'test'
  ...
# Subtest: a committed scope acknowledgment lets restored history proceed (LOOP-083)
ok 357 - a committed scope acknowledgment lets restored history proceed (LOOP-083)
  ---
  duration_ms: 946.076073
  type: 'test'
  ...
# Subtest: scope acknowledgment must be committed before it can clear a breach
ok 358 - scope acknowledgment must be committed before it can clear a breach
  ---
  duration_ms: 940.555448
  type: 'test'
  ...
# Subtest: ordinary ok does not acknowledge scope history
ok 359 - ordinary ok does not acknowledge scope history
  ---
  duration_ms: 655.105009
  type: 'test'
  ...
# Subtest: scope escalation refuses unrestored paths and names the restoration remedy
ok 360 - scope escalation refuses unrestored paths and names the restoration remedy
  ---
  duration_ms: 439.115672
  type: 'test'
  ...
# Subtest: an invalid scope request still records an explicitly Blocking decision
ok 361 - an invalid scope request still records an explicitly Blocking decision
  ---
  duration_ms: 318.935884
  type: 'test'
  ...
# Subtest: ask and explanation stay open; only the final committed ok acknowledges scope
ok 362 - ask and explanation stay open; only the final committed ok acknowledges scope
  ---
  duration_ms: 1259.695067
  type: 'test'
  ...
# Subtest: instead is visible but does not silently authorize a scope exception
ok 363 - instead is visible but does not silently authorize a scope exception
  ---
  duration_ms: 730.919977
  type: 'test'
  ...
# Subtest: later changes to an acknowledged path still block, including later reverts
ok 364 - later changes to an acknowledged path still block, including later reverts
  ---
  duration_ms: 1872.27201
  type: 'test'
  ...
# Subtest: approval cannot hide another path changed after the snapshot
ok 365 - approval cannot hide another path changed after the snapshot
  ---
  duration_ms: 898.25357
  type: 'test'
  ...
# Subtest: acknowledged history remains conditional on the paths staying restored
ok 366 - acknowledged history remains conditional on the paths staying restored
  ---
  duration_ms: 1201.956052
  type: 'test'
  ...
# Subtest: editing the scope snapshot after answer invalidates its acknowledgment
ok 367 - editing the scope snapshot after answer invalidates its acknowledgment
  ---
  duration_ms: 758.462634
  type: 'test'
  ...
# Subtest: malformed scope metadata cannot suppress a breach
ok 368 - malformed scope metadata cannot suppress a breach
  ---
  duration_ms: 2939.920908
  type: 'test'
  ...
# Subtest: damaged acknowledgment fields cannot suppress a breach
ok 369 - damaged acknowledgment fields cannot suppress a breach
  ---
  duration_ms: 1275.332679
  type: 'test'
  ...
# Subtest: scope path matching is literal, including wildcard filenames and control characters
ok 370 - scope path matching is literal, including wildcard filenames and control characters
  ---
  duration_ms: 1037.859286
  type: 'test'
  ...
# Subtest: scope acknowledgment does not carry into another activation of the same slug
ok 371 - scope acknowledgment does not carry into another activation of the same slug
  ---
  duration_ms: 995.575541
  type: 'test'
  ...
# Subtest: restoration checks additions, deletions, executable modes, and symlink kinds
ok 372 - restoration checks additions, deletions, executable modes, and symlink kinds
  ---
  duration_ms: 2995.117493
  type: 'test'
  ...
# Subtest: explicit committed retention keeps correct work and requires new evidence and review (LOOP-084, LOOP-085)
ok 373 - explicit committed retention keeps correct work and requires new evidence and review (LOOP-084, LOOP-085)
  ---
  duration_ms: 2085.21345
  type: 'test'
  ...
# Subtest: a missing declaration covers correct earlier work without retention or revert
ok 374 - a missing declaration covers correct earlier work without retention or revert
  ---
  duration_ms: 678.871846
  type: 'test'
  ...
# Subtest: keep requires scope and an unchanged committed candidate
ok 375 - keep requires scope and an unchanged committed candidate
  ---
  duration_ms: 335.686977
  type: 'test'
  ...
# Subtest: uncommitted retention and instead answers cannot clear the incident
ok 376 - uncommitted retention and instead answers cannot clear the incident
  ---
  duration_ms: 1471.896259
  type: 'test'
  ...
# Subtest: retention does not grant future edits, even when reverted to the approved tree
ok 377 - retention does not grant future edits, even when reverted to the approved tree
  ---
  duration_ms: 1971.741038
  type: 'test'
  ...
# Subtest: retention cannot cover another path or another activation
ok 378 - retention cannot cover another path or another activation
  ---
  duration_ms: 1209.536688
  type: 'test'
  ...
# Subtest: imported changes must still match the retained tree
ok 379 - imported changes must still match the retained tree
  ---
  duration_ms: 1143.970536
  type: 'test'
  ...
# Subtest: retention handles additions, deletions, modes, symlinks, and literal filenames
ok 380 - retention handles additions, deletions, modes, symlinks, and literal filenames
  ---
  duration_ms: 3589.369161
  type: 'test'
  ...
# Subtest: retention cannot convert an existing restoration answer or accept an unknown mode
ok 381 - retention cannot convert an existing restoration answer or accept an unknown mode
  ---
  duration_ms: 1088.612147
  type: 'test'
  ...
# Subtest: a check failure after retention remains a failure
ok 382 - a check failure after retention remains a failure
  ---
  duration_ms: 1265.407752
  type: 'test'
  ...
# Subtest: retained paths stay part of the stable checked candidate without extending its footprint
ok 383 - retained paths stay part of the stable checked candidate without extending its footprint
  ---
  duration_ms: 1264.469808
  type: 'test'
  ...
# Subtest: retention ask needs an explanation and final committed approval
ok 384 - retention ask needs an explanation and final committed approval
  ---
  duration_ms: 1147.005337
  type: 'test'
  ...
# Subtest: an unknown scope mode remains invalid even with a matching approval digest
ok 385 - an unknown scope mode remains invalid even with a matching approval digest
  ---
  duration_ms: 653.360467
  type: 'test'
  ...
# Subtest: backlog writes the item; a second with the same title is refused, never overwritten (LOOP-016)
ok 386 - backlog writes the item; a second with the same title is refused, never overwritten (LOOP-016)
  ---
  duration_ms: 214.851938
  type: 'test'
  ...
# Subtest: a commit inside the footprint: check runs; outside it: check names the path and does not run (LOOP-015, LOOP-035)
ok 387 - a commit inside the footprint: check runs; outside it: check names the path and does not run (LOOP-015, LOOP-035)
  ---
  duration_ms: 644.311964
  type: 'test'
  ...
# Subtest: Cairn's records are never a breach; another file under docs/ is (LOOP-117)
ok 388 - Cairn's records are never a breach; another file under docs/ is (LOOP-117)
  ---
  duration_ms: 720.935977
  type: 'test'
  ...
# Subtest: declaring the path as an input clears the breach
ok 389 - declaring the path as an input clears the breach
  ---
  duration_ms: 454.392989
  type: 'test'
  ...
# Subtest: a revert preserves the record of an out-of-scope commit (LOOP-047)
ok 390 - a revert preserves the record of an out-of-scope commit (LOOP-047)
  ---
  duration_ms: 501.658307
  type: 'test'
  ...
# Subtest: a commitment naming a requirement the spec set does not hold as Agreed is repaired (LOOP-029)
ok 391 - a commitment naming a requirement the spec set does not hold as Agreed is repaired (LOOP-029)
  ---
  duration_ms: 167.560781
  type: 'test'
  ...
# Subtest: a requirement in a Draft spec file is not Agreed
ok 392 - a requirement in a Draft spec file is not Agreed
  ---
  duration_ms: 160.468974
  type: 'test'
  ...
# Subtest: working agreements and the ignore file are Cairn records (LOOP-035, LOOP-036)
ok 393 - working agreements and the ignore file are Cairn records (LOOP-035, LOOP-036)
  ---
  duration_ms: 535.295908
  type: 'test'
  ...
# Subtest: the over-asking rule is gone from both skills (SPEC-005, SPEC-006, SPEC-007)
ok 394 - the over-asking rule is gone from both skills (SPEC-005, SPEC-006, SPEC-007)
  ---
  duration_ms: 2.552911
  type: 'test'
  ...
# Subtest: a decision during the phase is recorded (DEC-003)
ok 395 - a decision during the phase is recorded (DEC-003)
  ---
  duration_ms: 0.438692
  type: 'test'
  ...
# Subtest: understanding is restated before writing (SPEC-003)
ok 396 - understanding is restated before writing (SPEC-003)
  ---
  duration_ms: 0.103607
  type: 'test'
  ...
# Subtest: falsifiers are proposed as one set and confirmed by exception (SPEC-004)
ok 397 - falsifiers are proposed as one set and confirmed by exception (SPEC-004)
  ---
  duration_ms: 0.140029
  type: 'test'
  ...
# Subtest: depth is inferred and domains derived, never asked or imposed (SPEC-008, SPEC-009)
ok 398 - depth is inferred and domains derived, never asked or imposed (SPEC-008, SPEC-009)
  ---
  duration_ms: 0.160239
  type: 'test'
  ...
# Subtest: a term enters the glossary at first occurrence (SPEC-010)
ok 399 - a term enters the glossary at first occurrence (SPEC-010)
  ---
  duration_ms: 0.069281
  type: 'test'
  ...
# Subtest: the phase ends at the first commitment, and later ones are specified during the loop (SPEC-011, SPEC-012)
ok 400 - the phase ends at the first commitment, and later ones are specified during the loop (SPEC-011, SPEC-012)
  ---
  duration_ms: 0.138928
  type: 'test'
  ...
# Subtest: a requirement goes Agreed only with a nameable mechanism (SPEC-013)
ok 401 - a requirement goes Agreed only with a nameable mechanism (SPEC-013)
  ---
  duration_ms: 0.12221
  type: 'test'
  ...
# Subtest: review before agreement, recording what it attacked (SPEC-014, SPEC-015)
ok 402 - review before agreement, recording what it attacked (SPEC-014, SPEC-015)
  ---
  duration_ms: 0.262105
  type: 'test'
  ...
# Subtest: no spec file without requirements; nothing Agreed without a falsifier (SPEC-001, SPEC-002)
ok 403 - no spec file without requirements; nothing Agreed without a falsifier (SPEC-001, SPEC-002)
  ---
  duration_ms: 0.327172
  type: 'test'
  ...
# Subtest: Observed is marked, and is not contract (SPEC-016, SPEC-017)
ok 404 - Observed is marked, and is not contract (SPEC-016, SPEC-017)
  ---
  duration_ms: 0.144106
  type: 'test'
  ...
# Subtest: the skills exclude artifacts outside Cairn's workflow
ok 405 - the skills exclude artifacts outside Cairn's workflow
  ---
  duration_ms: 0.157655
  type: 'test'
  ...
# Subtest: the working agreement names the agent's move for each verdict and the write-ahead record (LOOP-036)
ok 406 - the working agreement names the agent's move for each verdict and the write-ahead record (LOOP-036)
  ---
  duration_ms: 0.126176
  type: 'test'
  ...
# Subtest: the working agreement names the developer's moves (LOOP-036, DEC-014)
ok 407 - the working agreement names the developer's moves (LOOP-036, DEC-014)
  ---
  duration_ms: 0.048193
  type: 'test'
  ...
# Subtest: this repository runs by the file it ships
ok 408 - this repository runs by the file it ships
  ---
  duration_ms: 0.917057
  type: 'test'
  ...
# Subtest: both skills write the working agreement without naming a vendor's file (LOOP-002, LOOP-036, PKG-006)
ok 409 - both skills write the working agreement without naming a vendor's file (LOOP-002, LOOP-036, PKG-006)
  ---
  duration_ms: 0.100489
  type: 'test'
  ...
# Subtest: the working agreement says what an attempt is (LOOP-036, DEC-017, DEC-018)
ok 410 - the working agreement says what an attempt is (LOOP-036, DEC-017, DEC-018)
  ---
  duration_ms: 0.050494
  type: 'test'
  ...
# Subtest: the working agreement says a failure no footprint change can address is an escalation, and where an inherited requirement is repaired (DEC-019, LOOP-057)
ok 411 - the working agreement says a failure no footprint change can address is an escalation, and where an inherited requirement is repaired (DEC-019, LOOP-057)
  ---
  duration_ms: 0.043929
  type: 'test'
  ...
# Subtest: the working agreement states the promote, next-iteration, and no-deferral moves (LOOP-029, LOOP-087, LOOP-091, LOOP-092)
ok 412 - the working agreement states the promote, next-iteration, and no-deferral moves (LOOP-029, LOOP-087, LOOP-091, LOOP-092)
  ---
  duration_ms: 0.056794
  type: 'test'
  ...
# Subtest: both skills sort captures into the backlog or next-iteration and forbid deferral (LOOP-029, LOOP-092, LOOP-093)
ok 413 - both skills sort captures into the backlog or next-iteration and forbid deferral (LOOP-029, LOOP-092, LOOP-093)
  ---
  duration_ms: 0.050535
  type: 'test'
  ...
# Subtest: the skill requires a falsifier on every requirement, a MAY included (SPEC-025)
ok 414 - the skill requires a falsifier on every requirement, a MAY included (SPEC-025)
  ---
  duration_ms: 0.04646
  type: 'test'
  ...
# Subtest: the working agreement names the hooks as optional and the install skill registers them for two harnesses (PKG-006, PKG-018, PKG-019)
ok 415 - the working agreement names the hooks as optional and the install skill registers them for two harnesses (PKG-006, PKG-018, PKG-019)
  ---
  duration_ms: 0.166253
  type: 'test'
  ...
# Subtest: the working agreement says the kernel is upgraded at Done, never inside a commitment (LOOP-096)
ok 416 - the working agreement says the kernel is upgraded at Done, never inside a commitment (LOOP-096)
  ---
  duration_ms: 0.052903
  type: 'test'
  ...
# Subtest: the next-iteration skill starts from the specification and ends by naming the next commitment (SPEC-026, SPEC-027)
ok 417 - the next-iteration skill starts from the specification and ends by naming the next commitment (SPEC-026, SPEC-027)
  ---
  duration_ms: 0.238954
  type: 'test'
  ...
# Subtest: every document that names the project skills names next-iteration beside them (SPEC-026, PKG-014)
ok 418 - every document that names the project skills names next-iteration beside them (SPEC-026, PKG-014)
  ---
  duration_ms: 2.496728
  type: 'test'
  ...
# Subtest: the working agreement states a move for every action the kernel can name (LOOP-101)
ok 419 - the working agreement states a move for every action the kernel can name (LOOP-101)
  ---
  duration_ms: 0.926636
  type: 'test'
  ...
# Subtest: the working agreement states both record formats and the two flags the moves need (LOOP-036)
ok 420 - the working agreement states both record formats and the two flags the moves need (LOOP-036)
  ---
  duration_ms: 0.126015
  type: 'test'
  ...
# Subtest: the skills demonstrate a safe violating example and preserve recon findings (SPEC-022, SPEC-023)
ok 421 - the skills demonstrate a safe violating example and preserve recon findings (SPEC-022, SPEC-023)
  ---
  duration_ms: 0.066045
  type: 'test'
  ...
# Subtest: the specification skills run the checker through the cairn command (PKG-029)
ok 422 - the specification skills run the checker through the cairn command (PKG-029)
  ---
  duration_ms: 0.317127
  type: 'test'
  ...
# Subtest: the README invokes the phase skills by name and states versions and platforms (PKG-030, PKG-031)
ok 423 - the README invokes the phase skills by name and states versions and platforms (PKG-030, PKG-031)
  ---
  duration_ms: 0.371333
  type: 'test'
  ...
# Subtest: the manual and the walkthrough say the loop promotes backlog items at Done
ok 424 - the manual and the walkthrough say the loop promotes backlog items at Done
  ---
  duration_ms: 1.596219
  type: 'test'
  ...
# Subtest: a two-obligation sentence is named (PKG-007)
ok 425 - a two-obligation sentence is named (PKG-007)
  ---
  duration_ms: 46.862289
  type: 'test'
  ...
# Subtest: an obligation with no actor is named (PKG-010)
ok 426 - an obligation with no actor is named (PKG-010)
  ---
  duration_ms: 44.122772
  type: 'test'
  ...
# Subtest: a leading condition clause is not the actor, and the actor after it counts
ok 427 - a leading condition clause is not the actor, and the actor after it counts
  ---
  duration_ms: 44.679057
  type: 'test'
  ...
# Subtest: an Agreed requirement with no falsifier is named (SPEC-002); a Draft one is not
ok 428 - an Agreed requirement with no falsifier is named (SPEC-002); a Draft one is not
  ---
  duration_ms: 81.79415
  type: 'test'
  ...
# Subtest: prose after a Draft requirement with no falsifier is not scanned as requirement text
ok 429 - prose after a Draft requirement with no falsifier is not scanned as requirement text
  ---
  duration_ms: 42.811012
  type: 'test'
  ...
# Subtest: a spec declaring a prefix with no requirement is named (SPEC-001)
ok 430 - a spec declaring a prefix with no requirement is named (SPEC-001)
  ---
  duration_ms: 39.484171
  type: 'test'
  ...
# Subtest: a keyword in backticks or quotes is a mention, not an obligation
ok 431 - a keyword in backticks or quotes is a mention, not an obligation
  ---
  duration_ms: 45.141789
  type: 'test'
  ...
# Subtest: duplicate identifiers are rejected within a file and across files (SPEC-020)
ok 432 - duplicate identifiers are rejected within a file and across files (SPEC-020)
  ---
  duration_ms: 85.818111
  type: 'test'
  ...
# Subtest: references resolve across files; missing references name their source (SPEC-021)
ok 433 - references resolve across files; missing references name their source (SPEC-021)
  ---
  duration_ms: 86.371686
  type: 'test'
  ...
# Subtest: code examples and quoted mentions are neither definitions nor references
ok 434 - code examples and quoted mentions are neither definitions nor references
  ---
  duration_ms: 43.491305
  type: 'test'
  ...
# Subtest: machine-local paths are findings in prose, links, quotes, and examples (SPEC-019)
ok 435 - machine-local paths are findings in prose, links, quotes, and examples (SPEC-019)
  ---
  duration_ms: 459.551541
  type: 'test'
  ...
# Subtest: relative paths, URLs, slash commands, and character mentions are not absolute path findings
ok 436 - relative paths, URLs, slash commands, and character mentions are not absolute path findings
  ---
  duration_ms: 42.108427
  type: 'test'
  ...
# Subtest: a slash after a placeholder continues the template (SPEC-019)
ok 437 - a slash after a placeholder continues the template (SPEC-019)
  ---
  duration_ms: 85.692977
  type: 'test'
  ...
# Subtest: a host path is a finding until the file declares it (SPEC-019, SPEC-024)
ok 438 - a host path is a finding until the file declares it (SPEC-019, SPEC-024)
  ---
  duration_ms: 83.099861
  type: 'test'
  ...
# Subtest: declared host paths cover children with a slash boundary and stay file-local
ok 439 - declared host paths cover children with a slash boundary and stay file-local
  ---
  duration_ms: 116.91371
  type: 'test'
  ...
# Subtest: a host-path declaration inside a requirement or example grants no exception
ok 440 - a host-path declaration inside a requirement or example grants no exception
  ---
  duration_ms: 128.898378
  type: 'test'
  ...
# Subtest: host-path declarations require absolute or home-relative entries
ok 441 - host-path declarations require absolute or home-relative entries
  ---
  duration_ms: 216.147812
  type: 'test'
  ...
# Subtest: an Agreed block whose only keyword is MAY needs a falsifier like any other (SPEC-025, SPEC-002)
ok 442 - an Agreed block whose only keyword is MAY needs a falsifier like any other (SPEC-025, SPEC-002)
  ---
  duration_ms: 85.442958
  type: 'test'
  ...
# Subtest: a regex literal is not a path, a drive path and a file URL are, and a skill's slash name is allowed (SPEC-028, SPEC-029)
ok 443 - a regex literal is not a path, a drive path and a file URL are, and a skill's slash name is allowed (SPEC-028, SPEC-029)
  ---
  duration_ms: 89.325543
  type: 'test'
  ...
# Subtest: a backticked or quoted actor still counts as one (PKG-010)
ok 444 - a backticked or quoted actor still counts as one (PKG-010)
  ---
  duration_ms: 40.254372
  type: 'test'
  ...
# Subtest: supersede writes both lines, and the old record keeps every word it had (DEC-008, DEC-010)
ok 445 - supersede writes both lines, and the old record keeps every word it had (DEC-008, DEC-010)
  ---
  duration_ms: 148.103969
  type: 'test'
  ...
# Subtest: supersede without a cause, or with one outside the four, is refused (DEC-009)
ok 446 - supersede without a cause, or with one outside the four, is refused (DEC-009)
  ---
  duration_ms: 193.689655
  type: 'test'
  ...
# Subtest: supersede of a record that does not exist is refused
ok 447 - supersede of a record that does not exist is refused
  ---
  duration_ms: 125.890063
  type: 'test'
  ...
# Subtest: a predecessor with no title line cannot be stamped, so nothing is written
ok 448 - a predecessor with no title line cannot be stamped, so nothing is written
  ---
  duration_ms: 138.770363
  type: 'test'
  ...
# Subtest: reversals reports counts by decider, cause, and domain (DEC-011)
ok 449 - reversals reports counts by decider, cause, and domain (DEC-011)
  ---
  duration_ms: 272.093523
  type: 'test'
  ...
# Subtest: decide in a domain with a reversal is refused without --history, naming the reversal; with it, the record carries History (DEC-012)
ok 450 - decide in a domain with a reversal is refused without --history, naming the reversal; with it, the record carries History (DEC-012)
  ---
  duration_ms: 268.263414
  type: 'test'
  ...
# Subtest: decide in a domain with no reversals needs no --history
ok 451 - decide in a domain with no reversals needs no --history
  ---
  duration_ms: 202.63934
  type: 'test'
  ...
# Subtest: a record resting on prose alone is in the domain unspecified, and so is the next one
ok 452 - a record resting on prose alone is in the domain unspecified, and so is the next one
  ---
  duration_ms: 194.326809
  type: 'test'
  ...
# Subtest: the decider tally normalizes case and whitespace, and names a value outside the vocabulary (DEC-020, DEC-011)
ok 453 - the decider tally normalizes case and whitespace, and names a value outside the vocabulary (DEC-020, DEC-011)
  ---
  duration_ms: 140.32814
  type: 'test'
  ...
# Subtest: a record with no Decided by line is tallied as unrecorded, not as a vocabulary value
ok 454 - a record with no Decided by line is tallied as unrecorded, not as a vocabulary value
  ---
  duration_ms: 141.173169
  type: 'test'
  ...
# Subtest: Decided by written as a list tallies like the flat form, and does not crash the report (LOOP-124, DEC-020)
ok 455 - Decided by written as a list tallies like the flat form, and does not crash the report (LOOP-124, DEC-020)
  ---
  duration_ms: 141.467675
  type: 'test'
  ...
# Subtest: a second declaration for one requirement is accepted, a named check runs every mechanism, and Done needs each to pass (LOOP-056, LOOP-099)
ok 456 - a second declaration for one requirement is accepted, a named check runs every mechanism, and Done needs each to pass (LOOP-056, LOOP-099)
  ---
  duration_ms: 1844.116572
  type: 'test'
  ...
# Subtest: one mechanism's stale evidence names that mechanism, and --stale runs only it (LOOP-056, LOOP-094)
ok 457 - one mechanism's stale evidence names that mechanism, and --stale runs only it (LOOP-056, LOOP-094)
  ---
  duration_ms: 934.96999
  type: 'test'
  ...
# Subtest: attempts are counted within one mechanism's records, so the other's passes do not reset them (LOOP-100, DEC-016)
ok 458 - attempts are counted within one mechanism's records, so the other's passes do not reset them (LOOP-100, DEC-016)
  ---
  duration_ms: 1697.672384
  type: 'test'
  ...
# Subtest: step 1: an in-progress record is reconciled before anything else
ok 459 - step 1: an in-progress record is reconciled before anything else
  ---
  duration_ms: 166.749591
  type: 'test'
  ...
# Subtest: step 2: an open escalation is presented and nothing else happens
ok 460 - step 2: an open escalation is presented and nothing else happens
  ---
  duration_ms: 157.337548
  type: 'test'
  ...
# Subtest: an answered escalation is not open
ok 461 - an answered escalation is not open
  ---
  duration_ms: 417.761231
  type: 'test'
  ...
# Subtest: step 3: a decision with no realized-by is built, first by name (DEC-007)
ok 462 - step 3: a decision with no realized-by is built, first by name (DEC-007)
  ---
  duration_ms: 143.658178
  type: 'test'
  ...
# Subtest: a superseded decision with no realized-by is not work
ok 463 - a superseded decision with no realized-by is not work
  ---
  duration_ms: 188.021097
  type: 'test'
  ...
# Subtest: step 6: a mechanism that has never run is run, not implemented (LOOP-008)
ok 464 - step 6: a mechanism that has never run is run, not implemented (LOOP-008)
  ---
  duration_ms: 177.777755
  type: 'test'
  ...
# Subtest: step 6: a requirement whose mechanism fails is implemented
ok 465 - step 6: a requirement whose mechanism fails is implemented
  ---
  duration_ms: 478.196645
  type: 'test'
  ...
# Subtest: step 6 before step 7: failing evidence outranks a missing mechanism
ok 466 - step 6 before step 7: failing evidence outranks a missing mechanism
  ---
  duration_ms: 382.520203
  type: 'test'
  ...
# Subtest: step 7: a requirement with no mechanism is declared (LOOP-106)
ok 467 - step 7: a requirement with no mechanism is declared (LOOP-106)
  ---
  duration_ms: 181.929418
  type: 'test'
  ...
# Subtest: every verdict names who acts: Resolvable is the agent's, Done needs nobody, Escalate waits for the developer (LOOP-004)
ok 468 - every verdict names who acts: Resolvable is the agent's, Done needs nobody, Escalate waits for the developer (LOOP-004)
  ---
  duration_ms: 615.574405
  type: 'test'
  ...
# Subtest: malformed roadmap is Resolvable, not fatal (LOOP-005)
ok 469 - malformed roadmap is Resolvable, not fatal (LOOP-005)
  ---
  duration_ms: 136.039153
  type: 'test'
  ...
# Subtest: a commitment naming no requirements is Resolvable (LOOP-018)
ok 470 - a commitment naming no requirements is Resolvable (LOOP-018)
  ---
  duration_ms: 152.299806
  type: 'test'
  ...
# Subtest: the primary test: two wakes on the same checkout give the same action, before and after a persisted transition (LOOP-001, LOOP-003)
ok 471 - the primary test: two wakes on the same checkout give the same action, before and after a persisted transition (LOOP-001, LOOP-003)
  ---
  duration_ms: 738.276634
  type: 'test'
  ...
# Subtest: outside a cairn repository wake cannot run
ok 472 - outside a cairn repository wake cannot run
  ---
  duration_ms: 53.888529
  type: 'test'
  ...
# Subtest: the loop never waits on the review queue (DEC-015)
ok 473 - the loop never waits on the review queue (DEC-015)
  ---
  duration_ms: 392.32264
  type: 'test'
  ...
# Subtest: the linked walkthrough runs from agreement through the next commitment (PKG-016)
ok 474 - the linked walkthrough runs from agreement through the next commitment (PKG-016)
  ---
  duration_ms: 1062.566767
  type: 'test'
  ...
1..474
# tests 474
# suites 0
# pass 471
# fail 0
# cancelled 0
# skipped 3
# todo 0
# duration_ms 99903.376138
