TAP version 13
# Subtest: a Draft block overrides an Agreed file for both wake and check (SPEC-018)
ok 1 - a Draft block overrides an Agreed file for both wake and check (SPEC-018)
  ---
  duration_ms: 278.821816
  type: 'test'
  ...
# Subtest: an Agreed block overrides a Draft file in the kernel and lint (SPEC-018, SPEC-002)
ok 2 - an Agreed block overrides a Draft file in the kernel and lint (SPEC-018, SPEC-002)
  ---
  duration_ms: 602.536749
  type: 'test'
  ...
# Subtest: a block Status does not become the file default, including inside examples (SPEC-018)
ok 3 - a block Status does not become the file default, including inside examples (SPEC-018)
  ---
  duration_ms: 583.832822
  type: 'test'
  ...
# Subtest: block status without a value does not inherit Agreed by accident (SPEC-018)
ok 4 - block status without a value does not inherit Agreed by accident (SPEC-018)
  ---
  duration_ms: 138.574239
  type: 'test'
  ...
# Subtest: inheritance needs a file Scope and includes only Agreed blocks, regardless of prefix (PKG-015)
ok 5 - inheritance needs a file Scope and includes only Agreed blocks, regardless of prefix (PKG-015)
  ---
  duration_ms: 1648.150997
  type: 'test'
  ...
# Subtest: Scope inside a requirement or fenced example does not declare inheritance (PKG-015)
ok 6 - Scope inside a requirement or fenced example does not declare inheritance (PKG-015)
  ---
  duration_ms: 828.435731
  type: 'test'
  ...
# Subtest: a falsifier wrapped onto a line beginning with Status: does not become the block's status (SPEC-018)
ok 7 - a falsifier wrapped onto a line beginning with Status: does not become the block's status (SPEC-018)
  ---
  duration_ms: 1.159841
  type: 'test'
  ...
# Subtest: LOOP-063: reject input mutation during a check and retain diagnostics
ok 8 - LOOP-063: reject input mutation during a check and retain diagnostics
  ---
  duration_ms: 464.019002
  type: 'test'
  ...
# Subtest: LOOP-063: reject deletion mutation during a check and retain diagnostics
ok 9 - LOOP-063: reject deletion mutation during a check and retain diagnostics
  ---
  duration_ms: 479.984286
  type: 'test'
  ...
# Subtest: LOOP-063: reject addition mutation during a check and retain diagnostics
ok 10 - LOOP-063: reject addition mutation during a check and retain diagnostics
  ---
  duration_ms: 463.910173
  type: 'test'
  ...
# Subtest: LOOP-063: reject mode mutation during a check and retain diagnostics
ok 11 - LOOP-063: reject mode mutation during a check and retain diagnostics
  ---
  duration_ms: 456.54461
  type: 'test'
  ...
# Subtest: LOOP-063: reject specification mutation during a check and retain diagnostics
ok 12 - LOOP-063: reject specification mutation during a check and retain diagnostics
  ---
  duration_ms: 464.35047
  type: 'test'
  ...
# Subtest: LOOP-063: reject declaration mutation during a check and retain diagnostics
ok 13 - LOOP-063: reject declaration mutation during a check and retain diagnostics
  ---
  duration_ms: 460.721722
  type: 'test'
  ...
# Subtest: LOOP-063: reject commit mutation during a check and retain diagnostics
ok 14 - LOOP-063: reject commit mutation during a check and retain diagnostics
  ---
  duration_ms: 526.701282
  type: 'test'
  ...
# Subtest: LOOP-063: committed input mutation during execution cannot certify the replacement
ok 15 - LOOP-063: committed input mutation during execution cannot certify the replacement
  ---
  duration_ms: 538.100333
  type: 'test'
  ...
# Subtest: LOOP-064: removing executable permission makes passing evidence stale
ok 16 - LOOP-064: removing executable permission makes passing evidence stale
  ---
  duration_ms: 768.690187
  type: 'test'
  ...
# Subtest: LOOP-064: a mode-only change also invalidates the previous review after new evidence
ok 17 - LOOP-064: a mode-only change also invalidates the previous review after new evidence
  ---
  duration_ms: 978.601779
  type: 'test'
  ...
# Subtest: LOOP-064: changing a regular file into a link with identical identity bytes is stale
ok 18 - LOOP-064: changing a regular file into a link with identical identity bytes is stale
  ---
  duration_ms: 1081.593406
  type: 'test'
  ...
# Subtest: LOOP-063: an unchanged candidate still records a pass despite unrelated working-tree edits
ok 19 - LOOP-063: an unchanged candidate still records a pass despite unrelated working-tree edits
  ---
  duration_ms: 326.439316
  type: 'test'
  ...
# Subtest: LOOP-064: current and historical input ordering agrees for Unicode filenames
ok 20 - LOOP-064: current and historical input ordering agrees for Unicode filenames
  ---
  duration_ms: 413.857928
  type: 'test'
  ...
# Subtest: LOOP-063: Git status hiding content changes cannot certify an uncommitted candidate
ok 21 - LOOP-063: Git status hiding content changes cannot certify an uncommitted candidate
  ---
  duration_ms: 203.253147
  type: 'test'
  ...
# Subtest: LOOP-066: one check owns execution with a kernel action record
ok 22 - LOOP-066: one check owns execution with a kernel action record
  ---
  duration_ms: 433.354643
  type: 'test'
  ...
# Subtest: LOOP-066: one check owns execution with an agent action record
ok 23 - LOOP-066: one check owns execution with an agent action record
  ---
  duration_ms: 438.399497
  type: 'test'
  ...
# Subtest: LOOP-066: a live lock is named and never silently overwritten
ok 24 - LOOP-066: a live lock is named and never silently overwritten
  ---
  duration_ms: 225.23423
  type: 'test'
  ...
# Subtest: LOOP-066: a dead lock is named and never silently overwritten
ok 25 - LOOP-066: a dead lock is named and never silently overwritten
  ---
  duration_ms: 222.094007
  type: 'test'
  ...
# Subtest: LOOP-066: a incomplete lock is named and never silently overwritten
ok 26 - LOOP-066: a incomplete lock is named and never silently overwritten
  ---
  duration_ms: 209.058493
  type: 'test'
  ...
# Subtest: LOOP-066: an execution error releases the check lock for a corrected rerun
ok 27 - LOOP-066: an execution error releases the check lock for a corrected rerun
  ---
  duration_ms: 436.889431
  type: 'test'
  ...
# Subtest: LOOP-066: a live kernel action from an older Cairn also blocks execution
ok 28 - LOOP-066: a live kernel action from an older Cairn also blocks execution
  ---
  duration_ms: 170.00014
  type: 'test'
  ...
# Subtest: LOOP-066: separate Git worktrees can run checks independently
ok 29 - LOOP-066: separate Git worktrees can run checks independently
  ---
  duration_ms: 505.828904
  type: 'test'
  ...
# Subtest: after a green check --stale runs nothing; after one input changes it runs only that mechanism (LOOP-094)
ok 30 - after a green check --stale runs nothing; after one input changes it runs only that mechanism (LOOP-094)
  ---
  duration_ms: 923.810658
  type: 'test'
  ...
# Subtest: a mechanism speaking for two stale requirements runs once and refreshes both (LOOP-094, LOOP-040)
ok 31 - a mechanism speaking for two stale requirements runs once and refreshes both (LOOP-094, LOOP-040)
  ---
  duration_ms: 581.327313
  type: 'test'
  ...
# Subtest: a fresh failure and an unverified result are skipped with implement named (LOOP-094)
ok 32 - a fresh failure and an unverified result are skipped with implement named (LOOP-094)
  ---
  duration_ms: 513.110459
  type: 'test'
  ...
# Subtest: --stale with a requirement identifier is refused (LOOP-094)
ok 33 - --stale with a requirement identifier is refused (LOOP-094)
  ---
  duration_ms: 156.491301
  type: 'test'
  ...
# Subtest: check refuses a dirty declared input and names it; a dirty undeclared file does not block (LOOP-030)
ok 34 - check refuses a dirty declared input and names it; a dirty undeclared file does not block (LOOP-030)
  ---
  duration_ms: 402.924597
  type: 'test'
  ...
# Subtest: check writes one receipt per run carrying the full record and a result line per requirement (LOOP-097)
ok 35 - check writes one receipt per run carrying the full record and a result line per requirement (LOOP-097)
  ---
  duration_ms: 310.35819
  type: 'test'
  ...
# Subtest: a nonzero exit records fail, and the receipt keeps the exit code (LOOP-034)
ok 36 - a nonzero exit records fail, and the receipt keeps the exit code (LOOP-034)
  ---
  duration_ms: 414.727535
  type: 'test'
  ...
# Subtest: a pass after a fail keeps the failing record; nothing is overwritten or deleted (LOOP-025)
ok 37 - a pass after a fail keeps the failing record; nothing is overwritten or deleted (LOOP-025)
  ---
  duration_ms: 664.784546
  type: 'test'
  ...
# Subtest: a commit changing a declared input makes evidence stale; an undeclared one does not (LOOP-007)
ok 38 - a commit changing a declared input makes evidence stale; an undeclared one does not (LOOP-007)
  ---
  duration_ms: 820.644849
  type: 'test'
  ...
# Subtest: a regression is named before a requirement that never passed (LOOP-031)
ok 39 - a regression is named before a requirement that never passed (LOOP-031)
  ---
  duration_ms: 1013.415594
  type: 'test'
  ...
# Subtest: three attempts with no escalation since: wake says escalate, not a fourth (DEC-016, DEC-017, DEC-018)
ok 40 - three attempts with no escalation since: wake says escalate, not a fourth (DEC-016, DEC-017, DEC-018)
  ---
  duration_ms: 2543.56421
  type: 'test'
  ...
# Subtest: the review gate: no review, stale review, open finding, then Done (LOOP-020, LOOP-033)
ok 41 - the review gate: no review, stale review, open finding, then Done (LOOP-020, LOOP-033)
  ---
  duration_ms: 1462.733016
  type: 'test'
  ...
# Subtest: Done is refused while any requirement lacks current passing evidence (LOOP-017)
ok 42 - Done is refused while any requirement lacks current passing evidence (LOOP-017)
  ---
  duration_ms: 188.356837
  type: 'test'
  ...
# Subtest: check names a requested requirement that no mechanism claims
ok 43 - check names a requested requirement that no mechanism claims
  ---
  duration_ms: 180.827368
  type: 'test'
  ...
# Subtest: check writes the in-progress record before the run and clears it after (LOOP-021)
ok 44 - check writes the in-progress record before the run and clears it after (LOOP-021)
  ---
  duration_ms: 282.335657
  type: 'test'
  ...
# Subtest: a linked declared input digests the same at a commit and in the tree (LOOP-023, LOOP-024)
ok 45 - a linked declared input digests the same at a commit and in the tree (LOOP-023, LOOP-024)
  ---
  duration_ms: 667.239623
  type: 'test'
  ...
# Subtest: a result line is the mechanism's statement about one requirement; what it did not mention is unverified (LOOP-037, LOOP-052)
ok 46 - a result line is the mechanism's statement about one requirement; what it did not mention is unverified (LOOP-037, LOOP-052)
  ---
  duration_ms: 290.597029
  type: 'test'
  ...
# Subtest: a mechanism that says nothing is read by its exit code for every requirement (LOOP-039)
ok 47 - a mechanism that says nothing is read by its exit code for every requirement (LOOP-039)
  ---
  duration_ms: 312.851515
  type: 'test'
  ...
# Subtest: unverified is not an attempt, and a return to an earlier failed digest counts once (DEC-017, DEC-018)
ok 48 - unverified is not an attempt, and a return to an earlier failed digest counts once (DEC-017, DEC-018)
  ---
  duration_ms: 2603.396427
  type: 'test'
  ...
# Subtest: a result line for a requirement the mechanism does not speak for is named and writes nothing (LOOP-038)
ok 49 - a result line for a requirement the mechanism does not speak for is named and writes nothing (LOOP-038)
  ---
  duration_ms: 323.207702
  type: 'test'
  ...
# Subtest: a result line inside ordinary output, or without the marker, does not count
ok 50 - a result line inside ordinary output, or without the marker, does not count
  ---
  duration_ms: 315.076118
  type: 'test'
  ...
# Subtest: a targeted check runs the named requirements' mechanisms and records every requirement they speak for (LOOP-040)
ok 51 - a targeted check runs the named requirements' mechanisms and records every requirement they speak for (LOOP-040)
  ---
  duration_ms: 327.392431
  type: 'test'
  ...
# Subtest: two result lines for one requirement: a fail on any line wins
ok 52 - two result lines for one requirement: a fail on any line wins
  ---
  duration_ms: 288.261636
  type: 'test'
  ...
# Subtest: three runs at one digest with no attempt since: the verdict stays implement and names DEC-019; an escalation naming it among others clears the hint (DEC-019, LOOP-053)
ok 53 - three runs at one digest with no attempt since: the verdict stays implement and names DEC-019; an escalation naming it among others clears the hint (DEC-019, LOOP-053)
  ---
  duration_ms: 1326.430313
  type: 'test'
  ...
# Subtest: a complete commitment with an unpromoted backlog item names promote, and a stamped item lets it reach Done (LOOP-087)
ok 54 - a complete commitment with an unpromoted backlog item names promote, and a stamped item lets it reach Done (LOOP-087)
  ---
  duration_ms: 974.61429
  type: 'test'
  ...
# Subtest: an empty backlog with waiting next-iteration items is Done, with the count as information and no action on them (LOOP-091)
ok 55 - an empty backlog with waiting next-iteration items is Done, with the count as information and no action on them (LOOP-091)
  ---
  duration_ms: 841.993775
  type: 'test'
  ...
# Subtest: a promotion marker must resolve to a decision record (LOOP-088)
ok 56 - a promotion marker must resolve to a decision record (LOOP-088)
  ---
  duration_ms: 419.751013
  type: 'test'
  ...
# Subtest: a commitment promoted from an item needs a decision record naming the item (LOOP-088)
ok 57 - a commitment promoted from an item needs a decision record naming the item (LOOP-088)
  ---
  duration_ms: 371.399214
  type: 'test'
  ...
# Subtest: the spec lint reports a promotion marker with no decision record (LOOP-088)
ok 58 - the spec lint reports a promotion marker with no decision record (LOOP-088)
  ---
  duration_ms: 84.683871
  type: 'test'
  ...
# Subtest: a promoted commitment that changes an Agreed requirement or the working agreement is an escalation; an unpromoted one is not (LOOP-089, LOOP-090)
ok 59 - a promoted commitment that changes an Agreed requirement or the working agreement is an escalation; an unpromoted one is not (LOOP-089, LOOP-090)
  ---
  duration_ms: 2265.225385
  type: 'test'
  ...
# Subtest: a capture from one of the commitment's own requirements needs Outside because: or an escalation (LOOP-092)
ok 60 - a capture from one of the commitment's own requirements needs Outside because: or an escalation (LOOP-092)
  ---
  duration_ms: 2563.273207
  type: 'test'
  ...
# Subtest: a next-iteration item names what it would change, and the capture refuses one that does not (LOOP-093)
ok 61 - a next-iteration item names what it would change, and the capture refuses one that does not (LOOP-093)
  ---
  duration_ms: 687.51344
  type: 'test'
  ...
# Subtest: a commitment specified from a next-iteration item needs the item stamped before anything else (SPEC-027)
ok 62 - a commitment specified from a next-iteration item needs the item stamped before anything else (SPEC-027)
  ---
  duration_ms: 908.825604
  type: 'test'
  ...
# Subtest: a by deference marker resolves to a decision record like a promotion marker (SPEC-002, LOOP-088)
ok 63 - a by deference marker resolves to a decision record like a promotion marker (SPEC-002, LOOP-088)
  ---
  duration_ms: 522.373162
  type: 'test'
  ...
# Subtest: the LOOP-090 gate reads the Concerns line, not the slug as a substring (LOOP-114)
ok 64 - the LOOP-090 gate reads the Concerns line, not the slug as a substring (LOOP-114)
  ---
  duration_ms: 1122.907281
  type: 'test'
  ...
# Subtest: the LOOP-088 check reads the Promotes line, and decide --promotes writes it (LOOP-115)
ok 65 - the LOOP-088 check reads the Promotes line, and decide --promotes writes it (LOOP-115)
  ---
  duration_ms: 552.954831
  type: 'test'
  ...
# Subtest: the activation commit of a promoted commitment is inside the LOOP-089 comparison (LOOP-116)
ok 66 - the activation commit of a promoted commitment is inside the LOOP-089 comparison (LOOP-116)
  ---
  duration_ms: 428.347519
  type: 'test'
  ...
# Subtest: the LOOP-090 route needs one escalation: its Concerns line covers the moved item too (LOOP-119, LOOP-092, LOOP-114)
ok 67 - the LOOP-090 route needs one escalation: its Concerns line covers the moved item too (LOOP-119, LOOP-092, LOOP-114)
  ---
  duration_ms: 1354.92412
  type: 'test'
  ...
# Subtest: an escalation raised before the promoted commitment began does not silence the LOOP-090 gate (LOOP-114)
ok 68 - an escalation raised before the promoted commitment began does not silence the LOOP-090 gate (LOOP-114)
  ---
  duration_ms: 934.830596
  type: 'test'
  ...
# Subtest: an escalation raised before the commitment began does not silence the capture gate (LOOP-119)
ok 69 - an escalation raised before the commitment began does not silence the capture gate (LOOP-119)
  ---
  duration_ms: 910.975216
  type: 'test'
  ...
# Subtest: the activation commit is inside the scope footprint (LOOP-120)
ok 70 - the activation commit is inside the scope footprint (LOOP-120)
  ---
  duration_ms: 322.637491
  type: 'test'
  ...
# Subtest: a requirement Agreed at activation that is demoted or removed is a contract change (LOOP-121)
ok 71 - a requirement Agreed at activation that is demoted or removed is a contract change (LOOP-121)
  ---
  duration_ms: 1128.837816
  type: 'test'
  ...
# Subtest: the include files are the root files that hold @AGENTS.md: exempt from the footprint, compared by the gate (LOOP-122)
ok 72 - the include files are the root files that hold @AGENTS.md: exempt from the footprint, compared by the gate (LOOP-122)
  ---
  duration_ms: 2026.355028
  type: 'test'
  ...
# Subtest: a superseded promotion no longer satisfies the LOOP-088 check, and the repair says the promotion was reversed (LOOP-123)
ok 73 - a superseded promotion no longer satisfies the LOOP-088 check, and the repair says the promotion was reversed (LOOP-123)
  ---
  duration_ms: 863.634016
  type: 'test'
  ...
# Subtest: the restore route measures from the tree before activation, so a path the activation commit added must go (LOOP-120, LOOP-035)
ok 74 - the restore route measures from the tree before activation, so a path the activation commit added must go (LOOP-120, LOOP-035)
  ---
  duration_ms: 534.558213
  type: 'test'
  ...
# Subtest: the loop works against exactly one commitment: the current one (LOOP-019)
ok 75 - the loop works against exactly one commitment: the current one (LOOP-019)
  ---
  duration_ms: 713.722703
  type: 'test'
  ...
# Subtest: a promotion recorded below Consequential is a repair naming the level, since the developer never sees it in the queue (LOOP-088)
ok 76 - a promotion recorded below Consequential is a repair naming the level, since the developer never sees it in the queue (LOOP-088)
  ---
  duration_ms: 251.353136
  type: 'test'
  ...
# Subtest: every requirement the node-test declaration speaks for is named in a test title (PKG-025)
ok 77 - every requirement the node-test declaration speaks for is named in a test title (PKG-025)
  ---
  duration_ms: 3.155924
  type: 'test'
  ...
# Subtest: every repository path the tests read is a declared input of node-test (PKG-026)
ok 78 - every repository path the tests read is a declared input of node-test (PKG-026)
  ---
  duration_ms: 1.013442
  type: 'test'
  ...
# Subtest: writes a record with every required field and an empty realized-by (DEC-001, DEC-005)
ok 79 - writes a record with every required field and an empty realized-by (DEC-001, DEC-005)
  ---
  duration_ms: 133.734301
  type: 'test'
  ...
# Subtest: a Consequential decision is queued for review (DEC-013)
ok 80 - a Consequential decision is queued for review (DEC-013)
  ---
  duration_ms: 148.278744
  type: 'test'
  ...
# Subtest: a Consequential decision is queued even when .cairn/queue does not exist yet
ok 81 - a Consequential decision is queued even when .cairn/queue does not exist yet
  ---
  duration_ms: 144.665753
  type: 'test'
  ...
# Subtest: Routine is refused: routine decisions produce no record
ok 82 - Routine is refused: routine decisions produce no record
  ---
  duration_ms: 154.448642
  type: 'test'
  ...
# Subtest: a missing field is a usage error and nothing is written
ok 83 - a missing field is a usage error and nothing is written
  ---
  duration_ms: 128.328231
  type: 'test'
  ...
# Subtest: supersedes requires a classified cause, and the old record must exist
ok 84 - supersedes requires a classified cause, and the old record must exist
  ---
  duration_ms: 256.716242
  type: 'test'
  ...
# Subtest: an existing record is not overwritten
ok 85 - an existing record is not overwritten
  ---
  duration_ms: 199.973041
  type: 'test'
  ...
# Subtest: a queued decision stays queued; nothing but the developer removes it (DEC-014)
ok 86 - a queued decision stays queued; nothing but the developer removes it (DEC-014)
  ---
  duration_ms: 279.422654
  type: 'test'
  ...
# Subtest: LOOP-006, LOOP-067: missing inputs names a declaration repair before execution
ok 87 - LOOP-006, LOOP-067: missing inputs names a declaration repair before execution
  ---
  duration_ms: 218.289141
  type: 'test'
  ...
# Subtest: LOOP-006, LOOP-067: empty inputs names a declaration repair before execution
ok 88 - LOOP-006, LOOP-067: empty inputs names a declaration repair before execution
  ---
  duration_ms: 216.739892
  type: 'test'
  ...
# Subtest: LOOP-006, LOOP-067: missing command names a declaration repair before execution
ok 89 - LOOP-006, LOOP-067: missing command names a declaration repair before execution
  ---
  duration_ms: 217.190968
  type: 'test'
  ...
# Subtest: LOOP-006, LOOP-067: list command names a declaration repair before execution
ok 90 - LOOP-006, LOOP-067: list command names a declaration repair before execution
  ---
  duration_ms: 261.595446
  type: 'test'
  ...
# Subtest: LOOP-006, LOOP-067: empty command names a declaration repair before execution
ok 91 - LOOP-006, LOOP-067: empty command names a declaration repair before execution
  ---
  duration_ms: 227.922319
  type: 'test'
  ...
# Subtest: LOOP-006, LOOP-067: missing requirements names a declaration repair before execution
ok 92 - LOOP-006, LOOP-067: missing requirements names a declaration repair before execution
  ---
  duration_ms: 259.441324
  type: 'test'
  ...
# Subtest: LOOP-006, LOOP-067: bad identifier names a declaration repair before execution
ok 93 - LOOP-006, LOOP-067: bad identifier names a declaration repair before execution
  ---
  duration_ms: 221.992415
  type: 'test'
  ...
# Subtest: LOOP-067: scalar one-item lists retain their existing meaning
ok 94 - LOOP-067: scalar one-item lists retain their existing meaning
  ---
  duration_ms: 312.630817
  type: 'test'
  ...
# Subtest: LOOP-068: a unpopulated gitlink is refused by name
ok 95 - LOOP-068: a unpopulated gitlink is refused by name
  ---
  duration_ms: 312.04399
  type: 'test'
  ...
# Subtest: LOOP-068: a populated gitlink is refused by name
ok 96 - LOOP-068: a populated gitlink is refused by name
  ---
  duration_ms: 364.381087
  type: 'test'
  ...
# Subtest: LOOP-069: identical selections across 100 mechanisms use at most 20 Git processes
ok 97 - LOOP-069: identical selections across 100 mechanisms use at most 20 Git processes
  ---
  duration_ms: 182.692881
  type: 'test'
  ...
# Subtest: escalate writes the six-line format followed by its facts, and wake presents it (LOOP-010, LOOP-026)
ok 98 - escalate writes the six-line format followed by its facts, and wake presents it (LOOP-010, LOOP-026)
  ---
  duration_ms: 200.490806
  type: 'test'
  ...
# Subtest: a missing or multi-line field is refused with the field named, and nothing is written (LOOP-012)
ok 99 - a missing or multi-line field is refused with the field named, and nothing is written (LOOP-012)
  ---
  duration_ms: 191.352937
  type: 'test'
  ...
# Subtest: a Blocking escalation that fails the format is written anyway, naming the malformed field (LOOP-013)
ok 100 - a Blocking escalation that fails the format is written anyway, naming the malformed field (LOOP-013)
  ---
  duration_ms: 206.1939
  type: 'test'
  ...
# Subtest: the loop stops for the developer only at Blocking: a recorded decision below it never yields Escalate, and the Blocking bypass must be spelled exactly (DEC-002)
ok 101 - the loop stops for the developer only at Blocking: a recorded decision below it never yields Escalate, and the Blocking bypass must be spelled exactly (DEC-002)
  ---
  duration_ms: 378.581541
  type: 'test'
  ...
# Subtest: a second escalation while one is open is refused (LOOP-011)
ok 102 - a second escalation while one is open is refused (LOOP-011)
  ---
  duration_ms: 220.522405
  type: 'test'
  ...
# Subtest: answer records the reply; wake no longer presents it; a second answer is refused
ok 103 - answer records the reply; wake no longer presents it; a second answer is refused
  ---
  duration_ms: 325.990537
  type: 'test'
  ...
# Subtest: answer to an unknown escalation is refused
ok 104 - answer to an unknown escalation is refused
  ---
  duration_ms: 136.442427
  type: 'test'
  ...
# Subtest: a stranger resumes from the file alone: question and answer are both in it (LOOP-014)
ok 105 - a stranger resumes from the file alone: question and answer are both in it (LOOP-014)
  ---
  duration_ms: 195.99024
  type: 'test'
  ...
# Subtest: after an answer, the same concern can be escalated again under a new name
ok 106 - after an answer, the same concern can be escalated again under a new name
  ---
  duration_ms: 262.39159
  type: 'test'
  ...
# Subtest: an escalation exists when its file does, committed or not (LOOP-009)
ok 107 - an escalation exists when its file does, committed or not (LOOP-009)
  ---
  duration_ms: 143.451176
  type: 'test'
  ...
# Subtest: developer answers require one of the three forms and cannot inject fields (LOOP-048)
ok 108 - developer answers require one of the three forms and cannot inject fields (LOOP-048)
  ---
  duration_ms: 724.178049
  type: 'test'
  ...
# Subtest: ask, agent explanation, another ask, and ok stay ordered in one file (LOOP-049, LOOP-050, LOOP-014)
ok 109 - ask, agent explanation, another ask, and ok stay ordered in one file (LOOP-049, LOOP-050, LOOP-014)
  ---
  duration_ms: 954.161727
  type: 'test'
  ...
# Subtest: fresh closed answers accompany only concerned requirements until new evidence (LOOP-051)
ok 110 - fresh closed answers accompany only concerned requirements until new evidence (LOOP-051)
  ---
  duration_ms: 935.2004
  type: 'test'
  ...
# Subtest: a raised escalation carries no derivable status line, and an old record with one still parses (LOOP-028)
ok 111 - a raised escalation carries no derivable status line, and an old record with one still parses (LOOP-028)
  ---
  duration_ms: 283.598449
  type: 'test'
  ...
# Subtest: LOOP-065: delete of output refuses Done and a new run recovers
ok 112 - LOOP-065: delete of output refuses Done and a new run recovers
  ---
  duration_ms: 1089.701551
  type: 'test'
  ...
# Subtest: LOOP-065: corrupt of output refuses Done and a new run recovers
ok 113 - LOOP-065: corrupt of output refuses Done and a new run recovers
  ---
  duration_ms: 1116.074501
  type: 'test'
  ...
# Subtest: LOOP-065: delete of stderr_output refuses Done and a new run recovers
ok 114 - LOOP-065: delete of stderr_output refuses Done and a new run recovers
  ---
  duration_ms: 1099.75187
  type: 'test'
  ...
# Subtest: LOOP-065: corrupt of stderr_output refuses Done and a new run recovers
ok 115 - LOOP-065: corrupt of stderr_output refuses Done and a new run recovers
  ---
  duration_ms: 1109.295127
  type: 'test'
  ...
# Subtest: LOOP-065: a receipt without output needs a new check
ok 116 - LOOP-065: a receipt without output needs a new check
  ---
  duration_ms: 698.148444
  type: 'test'
  ...
# Subtest: LOOP-065: a receipt without output_digest needs a new check
ok 117 - LOOP-065: a receipt without output_digest needs a new check
  ---
  duration_ms: 689.378119
  type: 'test'
  ...
# Subtest: LOOP-065: a receipt without stderr_output needs a new check
ok 118 - LOOP-065: a receipt without stderr_output needs a new check
  ---
  duration_ms: 690.043807
  type: 'test'
  ...
# Subtest: LOOP-065: a receipt without stderr_digest needs a new check
ok 119 - LOOP-065: a receipt without stderr_digest needs a new check
  ---
  duration_ms: 705.453006
  type: 'test'
  ...
# Subtest: LOOP-065: legacy unverifiable output is rerun without rewriting history
ok 120 - LOOP-065: legacy unverifiable output is rerun without rewriting history
  ---
  duration_ms: 1123.036741
  type: 'test'
  ...
# Subtest: a fresh record names the kernel that wrote it (LOOP-023)
ok 121 - a fresh record names the kernel that wrote it (LOOP-023)
  ---
  duration_ms: 529.373765
  type: 'test'
  ...
# Subtest: LOOP-095: a record from another kernel is stale with the kernel named, and a new check restores Done
ok 122 - LOOP-095: a record from another kernel is stale with the kernel named, and a new check restores Done
  ---
  duration_ms: 1090.57197
  type: 'test'
  ...
# Subtest: LOOP-095: a record from no kernel is stale with the kernel named, and a new check restores Done
ok 123 - LOOP-095: a record from no kernel is stale with the kernel named, and a new check restores Done
  ---
  duration_ms: 1068.52615
  type: 'test'
  ...
# Subtest: LOOP-070: a later failure is latest even when the clock moves backward
ok 124 - LOOP-070: a later failure is latest even when the clock moves backward
  ---
  duration_ms: 839.235763
  type: 'test'
  ...
# Subtest: LOOP-070: receipt collisions at one clock instant retain execution order beyond nine suffixes
ok 125 - LOOP-070: receipt collisions at one clock instant retain execution order beyond nine suffixes
  ---
  duration_ms: 2842.191366
  type: 'test'
  ...
# Subtest: LOOP-070: imported branch receipts stale a later sequence until a new check incorporates them
ok 126 - LOOP-070: imported branch receipts stale a later sequence until a new check incorporates them
  ---
  duration_ms: 1538.08514
  type: 'test'
  ...
# Subtest: LOOP-070, LOOP-098: legacy receipts need one ordered check, remain byte-for-byte unchanged, and precede the run receipt in the history
ok 127 - LOOP-070, LOOP-098: legacy receipts need one ordered check, remain byte-for-byte unchanged, and precede the run receipt in the history
  ---
  duration_ms: 708.479031
  type: 'test'
  ...
# Subtest: LOOP-070: edit of a prior receipt requires fresh evidence
ok 128 - LOOP-070: edit of a prior receipt requires fresh evidence
  ---
  duration_ms: 855.258973
  type: 'test'
  ...
# Subtest: LOOP-070: remove of a prior receipt requires fresh evidence
ok 129 - LOOP-070: remove of a prior receipt requires fresh evidence
  ---
  duration_ms: 789.727729
  type: 'test'
  ...
# Subtest: LOOP-075: supporting evidence file README.md does not become a receipt
ok 130 - LOOP-075: supporting evidence file README.md does not become a receipt
  ---
  duration_ms: 729.513659
  type: 'test'
  ...
# Subtest: LOOP-075: supporting evidence file notes.txt does not become a receipt
ok 131 - LOOP-075: supporting evidence file notes.txt does not become a receipt
  ---
  duration_ms: 773.420021
  type: 'test'
  ...
# Subtest: LOOP-075: supporting evidence file support does not become a receipt
ok 132 - LOOP-075: supporting evidence file support does not become a receipt
  ---
  duration_ms: 799.191325
  type: 'test'
  ...
# Subtest: LOOP-075: supporting evidence file .DS_Store does not become a receipt
ok 133 - LOOP-075: supporting evidence file .DS_Store does not become a receipt
  ---
  duration_ms: 747.42107
  type: 'test'
  ...
# Subtest: LOOP-075: a malformed result line (result=success) names a repair before execution
ok 134 - LOOP-075: a malformed result line (result=success) names a repair before execution
  ---
  duration_ms: 516.208228
  type: 'test'
  ...
# Subtest: LOOP-075: a malformed result line (sequence=NaN) names a repair before execution
ok 135 - LOOP-075: a malformed result line (sequence=NaN) names a repair before execution
  ---
  duration_ms: 517.682954
  type: 'test'
  ...
# Subtest: LOOP-075: a malformed result line (sequence=9007199254740992) names a repair before execution
ok 136 - LOOP-075: a malformed result line (sequence=9007199254740992) names a repair before execution
  ---
  duration_ms: 528.984142
  type: 'test'
  ...
# Subtest: LOOP-075: a malformed result line (history_digest=wrong) names a repair before execution
ok 137 - LOOP-075: a malformed result line (history_digest=wrong) names a repair before execution
  ---
  duration_ms: 514.50767
  type: 'test'
  ...
# Subtest: LOOP-075: a malformed result line (tokens) names a repair before execution
ok 138 - LOOP-075: a malformed result line (tokens) names a repair before execution
  ---
  duration_ms: 499.041364
  type: 'test'
  ...
# Subtest: LOOP-075: a receipt-shaped directory is a named repair instead of an EISDIR crash
ok 139 - LOOP-075: a receipt-shaped directory is a named repair instead of an EISDIR crash
  ---
  duration_ms: 476.693787
  type: 'test'
  ...
# Subtest: LOOP-070: an earlier escalation cannot cover three new attempts after clock rollback
ok 140 - LOOP-070: an earlier escalation cannot cover three new attempts after clock rollback
  ---
  duration_ms: 1887.702692
  type: 'test'
  ...
# Subtest: LOOP-070: an answer becomes old after a later check even if that check's timestamp is earlier
ok 141 - LOOP-070: an answer becomes old after a later check even if that check's timestamp is earlier
  ---
  duration_ms: 1024.559184
  type: 'test'
  ...
# Subtest: LOOP-070: the newest answer wins between checks even when its clock timestamp is older
ok 142 - LOOP-070: the newest answer wins between checks even when its clock timestamp is older
  ---
  duration_ms: 703.68863
  type: 'test'
  ...
# Subtest: LOOP-070: legacy escalation dates cover old receipts but not three newer sequenced runs
ok 143 - LOOP-070: legacy escalation dates cover old receipts but not three newer sequenced runs
  ---
  duration_ms: 1792.14693
  type: 'test'
  ...
# Subtest: a PKG requirement the commitment does not name is declared, run, and gates Done (PKG-011)
ok 144 - a PKG requirement the commitment does not name is declared, run, and gates Done (PKG-011)
  ---
  duration_ms: 1464.719972
  type: 'test'
  ...
# Subtest: a PKG requirement in a Draft spec is not folded in
ok 145 - a PKG requirement in a Draft spec is not folded in
  ---
  duration_ms: 414.163737
  type: 'test'
  ...
# Subtest: LOOP-076, LOOP-079: stale inputs identify the receipt and the check to run
ok 146 - LOOP-076, LOOP-079: stale inputs identify the receipt and the check to run
  ---
  duration_ms: 746.764085
  type: 'test'
  ...
# Subtest: LOOP-077: names a content change using checked input identity
ok 147 - LOOP-077: names a content change using checked input identity
  ---
  duration_ms: 756.789377
  type: 'test'
  ...
# Subtest: LOOP-077: names a mode change using checked input identity
ok 148 - LOOP-077: names a mode change using checked input identity
  ---
  duration_ms: 692.975728
  type: 'test'
  ...
# Subtest: LOOP-077: names a kind change using checked input identity
ok 149 - LOOP-077: names a kind change using checked input identity
  ---
  duration_ms: 684.586639
  type: 'test'
  ...
# Subtest: LOOP-077: names a added change using checked input identity
ok 150 - LOOP-077: names a added change using checked input identity
  ---
  duration_ms: 692.361622
  type: 'test'
  ...
# Subtest: LOOP-077: names a removed change using checked input identity
ok 151 - LOOP-077: names a removed change using checked input identity
  ---
  duration_ms: 695.071065
  type: 'test'
  ...
# Subtest: LOOP-077: names a link-target change using checked input identity
ok 152 - LOOP-077: names a link-target change using checked input identity
  ---
  duration_ms: 1069.432486
  type: 'test'
  ...
# Subtest: LOOP-077: changed selection compares the old and new input sets
ok 153 - LOOP-077: changed selection compares the old and new input sets
  ---
  duration_ms: 677.967437
  type: 'test'
  ...
# Subtest: LOOP-077: raw CRLF changes remain visible when Git-clean content agrees
ok 154 - LOOP-077: raw CRLF changes remain visible when Git-clean content agrees
  ---
  duration_ms: 619.488109
  type: 'test'
  ...
# Subtest: LOOP-077: detail output is sorted, bounded, and reports the omitted count
ok 155 - LOOP-077: detail output is sorted, bounded, and reports the omitted count
  ---
  duration_ms: 702.53955
  type: 'test'
  ...
# Subtest: LOOP-077: filenames cannot inject lines or terminal controls into explanations
ok 156 - LOOP-077: filenames cannot inject lines or terminal controls into explanations
  ---
  duration_ms: 732.164234
  type: 'test'
  ...
# Subtest: LOOP-077: receipts from one run share details and do not store source contents
ok 157 - LOOP-077: receipts from one run share details and do not store source contents
  ---
  duration_ms: 501.490844
  type: 'test'
  ...
# Subtest: LOOP-078, LOOP-080: legacy optional detail limits explanation without changing standing
ok 158 - LOOP-078, LOOP-080: legacy optional detail limits explanation without changing standing
  ---
  duration_ms: 800.725871
  type: 'test'
  ...
# Subtest: LOOP-078, LOOP-080: invalid-field optional detail limits explanation without changing standing
ok 159 - LOOP-078, LOOP-080: invalid-field optional detail limits explanation without changing standing
  ---
  duration_ms: 830.042612
  type: 'test'
  ...
# Subtest: LOOP-078, LOOP-080: missing optional detail limits explanation without changing standing
ok 160 - LOOP-078, LOOP-080: missing optional detail limits explanation without changing standing
  ---
  duration_ms: 825.220405
  type: 'test'
  ...
# Subtest: LOOP-078, LOOP-080: invalid-json optional detail limits explanation without changing standing
ok 161 - LOOP-078, LOOP-080: invalid-json optional detail limits explanation without changing standing
  ---
  duration_ms: 851.80859
  type: 'test'
  ...
# Subtest: LOOP-078, LOOP-080: mismatched optional detail limits explanation without changing standing
ok 162 - LOOP-078, LOOP-080: mismatched optional detail limits explanation without changing standing
  ---
  duration_ms: 848.016416
  type: 'test'
  ...
# Subtest: LOOP-078, LOOP-080: duplicate optional detail limits explanation without changing standing
ok 163 - LOOP-078, LOOP-080: duplicate optional detail limits explanation without changing standing
  ---
  duration_ms: 823.662689
  type: 'test'
  ...
# Subtest: LOOP-078, LOOP-080: unsafe-path optional detail limits explanation without changing standing
ok 164 - LOOP-078, LOOP-080: unsafe-path optional detail limits explanation without changing standing
  ---
  duration_ms: 800.047207
  type: 'test'
  ...
# Subtest: LOOP-078, LOOP-080: directory optional detail limits explanation without changing standing
ok 165 - LOOP-078, LOOP-080: directory optional detail limits explanation without changing standing
  ---
  duration_ms: 811.910907
  type: 'test'
  ...
# Subtest: LOOP-078, LOOP-080: symlink optional detail limits explanation without changing standing
ok 166 - LOOP-078, LOOP-080: symlink optional detail limits explanation without changing standing
  ---
  duration_ms: 842.433846
  type: 'test'
  ...
# Subtest: LOOP-078: unavailable old requirement text is not claimed as a proven change
ok 167 - LOOP-078: unavailable old requirement text is not claimed as a proven change
  ---
  duration_ms: 600.727632
  type: 'test'
  ...
# Subtest: LOOP-076, LOOP-079: changed requirements identify evidence and retain review-before-check guidance
ok 168 - LOOP-076, LOOP-079: changed requirements identify evidence and retain review-before-check guidance
  ---
  duration_ms: 676.266413
  type: 'test'
  ...
# Subtest: LOOP-078: simultaneous input and output damage keep both reasons
ok 169 - LOOP-078: simultaneous input and output damage keep both reasons
  ---
  duration_ms: 705.647919
  type: 'test'
  ...
# Subtest: LOOP-080: deterministic freshness sequence seed=7
ok 170 - LOOP-080: deterministic freshness sequence seed=7
  ---
  duration_ms: 10051.318191
  type: 'test'
  ...
# Subtest: LOOP-080: deterministic freshness sequence seed=42
ok 171 - LOOP-080: deterministic freshness sequence seed=42
  ---
  duration_ms: 8940.342276
  type: 'test'
  ...
# Subtest: LOOP-080: deterministic freshness sequence seed=913
ok 172 - LOOP-080: deterministic freshness sequence seed=913
  ---
  duration_ms: 8366.899687
  type: 'test'
  ...
# Subtest: LOOP-080: agreement changes, mechanism review, checks, and completion review retain priority
ok 173 - LOOP-080: agreement changes, mechanism review, checks, and completion review retain priority
  ---
  duration_ms: 2109.986803
  type: 'test'
  ...
# Subtest: LOOP-080: imported receipt history demands a rerun without a false input explanation
ok 174 - LOOP-080: imported receipt history demands a rerun without a false input explanation
  ---
  duration_ms: 2142.700307
  type: 'test'
  ...
# Subtest: LOOP-073: clean CRLF input completes under attributes
ok 175 - LOOP-073: clean CRLF input completes under attributes
  ---
  duration_ms: 553.569976
  type: 'test'
  ...
# Subtest: LOOP-073: clean CRLF input completes under autocrlf
ok 176 - LOOP-073: clean CRLF input completes under autocrlf
  ---
  duration_ms: 520.000192
  type: 'test'
  ...
# Subtest: LOOP-073: raw line-ending mutation during a run is rejected even when Git still sees the same content
ok 177 - LOOP-073: raw line-ending mutation during a run is rejected even when Git still sees the same content
  ---
  duration_ms: 274.868082
  type: 'test'
  ...
# Subtest: LOOP-073: execution evidence changes when clean conversion preserves committed identity
ok 178 - LOOP-073: execution evidence changes when clean conversion preserves committed identity
  ---
  duration_ms: 872.217476
  type: 'test'
  ...
# Subtest: LOOP-073: Git clean filters use Git's conversion while retaining raw evidence identity
ok 179 - LOOP-073: Git clean filters use Git's conversion while retaining raw evidence identity
  ---
  duration_ms: 547.300809
  type: 'test'
  ...
# Subtest: LOOP-073: failure of a required Git filter cannot record evidence
ok 180 - LOOP-073: failure of a required Git filter cannot record evidence
  ---
  duration_ms: 183.752496
  type: 'test'
  ...
# Subtest: LOOP-073: a clean filter moving HEAD during ending validation prevents evidence
ok 181 - LOOP-073: a clean filter moving HEAD during ending validation prevents evidence
  ---
  duration_ms: 913.371299
  type: 'test'
  ...
# Subtest: LOOP-073: canonical Git identities handle links without reading their targets
ok 182 - LOOP-073: canonical Git identities handle links without reading their targets
  ---
  duration_ms: 601.011356
  type: 'test'
  ...
# Subtest: LOOP-073: Git conversion keeps raw Unicode and control-character input paths
ok 183 - LOOP-073: Git conversion keeps raw Unicode and control-character input paths
  ---
  duration_ms: 508.145598
  type: 'test'
  ...
# Subtest: LOOP-073: conversion and links work in a SHA-256 Git repository
ok 184 - LOOP-073: conversion and links work in a SHA-256 Git repository
  ---
  duration_ms: 591.003859
  type: 'test'
  ...
# Subtest: LOOP-074: historical specification filename "café.md" remains reviewable
ok 185 - LOOP-074: historical specification filename "café.md" remains reviewable
  ---
  duration_ms: 599.188132
  type: 'test'
  ...
# Subtest: LOOP-074: historical specification filename "spec\\ttab.md" remains reviewable
ok 186 - LOOP-074: historical specification filename "spec\\ttab.md" remains reviewable
  ---
  duration_ms: 591.826581
  type: 'test'
  ...
# Subtest: LOOP-074: historical specification filename "spec\\nline.md" remains reviewable
ok 187 - LOOP-074: historical specification filename "spec\\nline.md" remains reviewable
  ---
  duration_ms: 587.803192
  type: 'test'
  ...
# Subtest: help works outside a repository without running a command (PKG-017)
ok 188 - help works outside a repository without running a command (PKG-017)
  ---
  duration_ms: 1052.174043
  type: 'test'
  ...
# Subtest: help does not hide invalid options or consume literal arguments
ok 189 - help does not hide invalid options or consume literal arguments
  ---
  duration_ms: 212.268826
  type: 'test'
  ...
# Subtest: help lists the lint command (PKG-017)
ok 190 - help lists the lint command (PKG-017)
  ---
  duration_ms: 53.978552
  type: 'test'
  ...
# Subtest: the stop hook refuses a stop while wake says Resolvable, with the verdict as the reason (PKG-018)
ok 191 - the stop hook refuses a stop while wake says Resolvable, with the verdict as the reason (PKG-018)
  ---
  duration_ms: 217.535641
  type: 'test'
  ...
# Subtest: the stop hook allows a stop at Done, at Escalate, and outside a Cairn repository (PKG-018)
ok 192 - the stop hook allows a stop at Done, at Escalate, and outside a Cairn repository (PKG-018)
  ---
  duration_ms: 1001.465531
  type: 'test'
  ...
# Subtest: the session-start hook links the command once and prints the verdict in a Cairn repository (PKG-019, PKG-014, PKG-005)
ok 193 - the session-start hook links the command once and prints the verdict in a Cairn repository (PKG-019, PKG-014, PKG-005)
  ---
  duration_ms: 457.277365
  type: 'test'
  ...
# Subtest: the session-start hook prints no verdict outside a Cairn repository and leaves an existing link that resolves alone (PKG-019)
ok 194 - the session-start hook prints no verdict outside a Cairn repository and leaves an existing link that resolves alone (PKG-019)
  ---
  duration_ms: 53.228625
  type: 'test'
  ...
# Subtest: a checkout under a path with a space links a command that resolves, and its stop hook still blocks (PKG-019, PKG-021)
ok 195 - a checkout under a path with a space links a command that resolves, and its stop hook still blocks (PKG-019, PKG-021)
  ---
  duration_ms: 355.660021
  type: 'test'
  ...
# Subtest: the hooks run the kernel the command link resolves to, so hook and agent share one referee (PKG-021)
ok 196 - the hooks run the kernel the command link resolves to, so hook and agent share one referee (PKG-021)
  ---
  duration_ms: 1011.649779
  type: 'test'
  ...
# Subtest: a dangling link is replaced and reported (PKG-019)
ok 197 - a dangling link is replaced and reported (PKG-019)
  ---
  duration_ms: 227.726582
  type: 'test'
  ...
# Subtest: errors exit 0 with one line on standard error and no stack trace (PKG-022)
ok 198 - errors exit 0 with one line on standard error and no stack trace (PKG-022)
  ---
  duration_ms: 265.110626
  type: 'test'
  ...
# Subtest: the hooks judge with the cairn on PATH, a wrapper included, and session-start names it (PKG-033)
ok 199 - the hooks judge with the cairn on PATH, a wrapper included, and session-start names it (PKG-033)
  ---
  duration_ms: 1129.867593
  type: 'test'
  ...
# Subtest: a link to a wrapper or file is kept; a dangling link or one to a directory is replaced (PKG-034)
ok 200 - a link to a wrapper or file is kept; a dangling link or one to a directory is replaced (PKG-034)
  ---
  duration_ms: 512.500019
  type: 'test'
  ...
# Subtest: a project below the Git toplevel gets the verdict and the stop refusal (PKG-035)
ok 201 - a project below the Git toplevel gets the verdict and the stop refusal (PKG-035)
  ---
  duration_ms: 453.607179
  type: 'test'
  ...
# Subtest: a kernel that prints no verdict is one stderr line: the stop is allowed and session-start prints no trace (PKG-036)
ok 202 - a kernel that prints no verdict is one stderr line: the stop is allowed and session-start prints no trace (PKG-036)
  ---
  duration_ms: 240.298305
  type: 'test'
  ...
# Subtest: a link that cannot be created is one stderr line, and the verdict still prints (PKG-019, PKG-022)
ok 203 - a link that cannot be created is one stderr line, and the verdict still prints (PKG-019, PKG-022) # SKIP root writes everywhere
  ---
  duration_ms: 0.199131
  type: 'test'
  ...
# Subtest: with git absent the hooks say so in one line and block nothing (PKG-022)
ok 204 - with git absent the hooks say so in one line and block nothing (PKG-022)
  ---
  duration_ms: 158.049571
  type: 'test'
  ...
# Subtest: cairn lint runs the checker over docs/spec by default and over a named directory (PKG-028)
ok 205 - cairn lint runs the checker over docs/spec by default and over a named directory (PKG-028)
  ---
  duration_ms: 278.325915
  type: 'test'
  ...
# Subtest: cairn lint names a missing directory in one line, takes one argument, and reports a bad root (PKG-028)
ok 206 - cairn lint names a missing directory in one line, takes one argument, and reports a bad root (PKG-028)
  ---
  duration_ms: 287.777808
  type: 'test'
  ...
# Subtest: three megabytes are retained exactly once with matching digests (LOOP-041, LOOP-042)
ok 207 - three megabytes are retained exactly once with matching digests (LOOP-041, LOOP-042)
  ---
  duration_ms: 331.243588
  type: 'test'
  ...
# Subtest: split stdout result lines survive a long non-result line; stderr is never a verdict
ok 208 - split stdout result lines survive a long non-result line; stderr is never a verdict
  ---
  duration_ms: 337.763995
  type: 'test'
  ...
# Subtest: signal termination is recorded and logs survive a clone (LOOP-043)
ok 209 - signal termination is recorded and logs survive a clone (LOOP-043)
  ---
  duration_ms: 383.667047
  type: 'test'
  ...
# Subtest: working agreements and ignore changes are Cairn records inside the footprint
ok 210 - working agreements and ignore changes are Cairn records inside the footprint
  ---
  duration_ms: 401.580412
  type: 'test'
  ...
# Subtest: a clean package passes
ok 211 - a clean package passes
  ---
  duration_ms: 133.919207
  type: 'test'
  ...
# Subtest: PKG-001: a dependency, or a service manifest
ok 212 - PKG-001: a dependency, or a service manifest
  ---
  duration_ms: 270.082881
  type: 'test'
  ...
# Subtest: PKG-002: ignoring evidence or other durable state, by directory or by extension
ok 213 - PKG-002: ignoring evidence or other durable state, by directory or by extension
  ---
  duration_ms: 252.861721
  type: 'test'
  ...
# Subtest: PKG-003: a command, a directory, or a record kind no decision names
ok 214 - PKG-003: a command, a directory, or a record kind no decision names
  ---
  duration_ms: 416.999489
  type: 'test'
  ...
# Subtest: PKG-004: a kernel over 1600 lines, counting every file under bin/ as wc -l does; exactly 1600 passes
ok 215 - PKG-004: a kernel over 1600 lines, counting every file under bin/ as wc -l does; exactly 1600 passes
  ---
  duration_ms: 532.956841
  type: 'test'
  ...
# Subtest: PKG-006: a skill step naming a vendor's product, in either order, across a wrapped list item (PKG-027)
ok 216 - PKG-006: a skill step naming a vendor's product, in either order, across a wrapped list item (PKG-027)
  ---
  duration_ms: 551.799891
  type: 'test'
  ...
# Subtest: PKG-008: a non-ASCII character in a tracked text file
ok 217 - PKG-008: a non-ASCII character in a tracked text file
  ---
  duration_ms: 142.005434
  type: 'test'
  ...
# Subtest: PKG-009: the kernel importing from tests
ok 218 - PKG-009: the kernel importing from tests
  ---
  duration_ms: 142.907167
  type: 'test'
  ...
# Subtest: PKG-012: a network call or a model vendor in the kernel
ok 219 - PKG-012: a network call or a model vendor in the kernel
  ---
  duration_ms: 276.941611
  type: 'test'
  ...
# Subtest: PKG-013: deferral language, but not in code, quotes, or a rule
ok 220 - PKG-013: deferral language, but not in code, quotes, or a rule
  ---
  duration_ms: 943.643636
  type: 'test'
  ...
# Subtest: a tracked path deleted from the working tree is skipped, not a crash
ok 221 - a tracked path deleted from the working tree is skipped, not a crash
  ---
  duration_ms: 121.78129
  type: 'test'
  ...
# Subtest: a sentence in a Formats section is not a record kind
ok 222 - a sentence in a Formats section is not a record kind
  ---
  duration_ms: 129.424755
  type: 'test'
  ...
# Subtest: a record kind named by its path alone is checked
ok 223 - a record kind named by its path alone is checked
  ---
  duration_ms: 136.554865
  type: 'test'
  ...
# Subtest: PKG-002: a tracked in-progress record
ok 224 - PKG-002: a tracked in-progress record
  ---
  duration_ms: 128.529153
  type: 'test'
  ...
# Subtest: PKG-002: ignoring evidence alone is a finding
ok 225 - PKG-002: ignoring evidence alone is a finding
  ---
  duration_ms: 124.944132
  type: 'test'
  ...
# Subtest: PKG-003 reads the kernel's commands from its help output (PKG-023)
ok 226 - PKG-003 reads the kernel's commands from its help output (PKG-023)
  ---
  duration_ms: 173.510026
  type: 'test'
  ...
# Subtest: the ASCII scan covers shipped files, not records under .cairn/ (PKG-024)
ok 227 - the ASCII scan covers shipped files, not records under .cairn/ (PKG-024)
  ---
  duration_ms: 131.437809
  type: 'test'
  ...
# Subtest: a vendor-naming step wrapped across lines is matched (PKG-006, PKG-027)
ok 228 - a vendor-naming step wrapped across lines is matched (PKG-006, PKG-027)
  ---
  duration_ms: 140.290339
  type: 'test'
  ...
# Subtest: PKG-013 scans the README, the manual, and the walkthrough (PKG-032)
ok 229 - PKG-013 scans the README, the manual, and the walkthrough (PKG-032)
  ---
  duration_ms: 401.319881
  type: 'test'
  ...
# Subtest: the manifests, the listing and package.json agree on the name and version, and name paths the repository holds (PKG-037)
ok 230 - the manifests, the listing and package.json agree on the name and version, and name paths the repository holds (PKG-037)
  ---
  duration_ms: 2.831586
  type: 'test'
  ...
# Subtest: the hooks file registers session-start and stop against the plugin's own hook.mjs through the plugin root variable (PKG-038)
ok 231 - the hooks file registers session-start and stop against the plugin's own hook.mjs through the plugin root variable (PKG-038)
  ---
  duration_ms: 0.19461
  type: 'test'
  ...
# Subtest: the registered commands print the verdict at session start, link the command into the plugin, and refuse a stop while wake says Resolvable (PKG-038, PKG-021)
ok 232 - the registered commands print the verdict at session start, link the command into the plugin, and refuse a stop while wake says Resolvable (PKG-038, PKG-021)
  ---
  duration_ms: 365.79875
  type: 'test'
  ...
# Subtest: LOOP-071: decision body metadata does not resolve unbuilt work: "Superseded by: example"
ok 233 - LOOP-071: decision body metadata does not resolve unbuilt work: "Superseded by: example"
  ---
  duration_ms: 693.538286
  type: 'test'
  ...
# Subtest: LOOP-071: decision body metadata does not resolve unbuilt work: "```text\\nSuperseded by: example\\n```"
ok 234 - LOOP-071: decision body metadata does not resolve unbuilt work: "```text\\nSuperseded by: example\\n```"
  ---
  duration_ms: 719.620282
  type: 'test'
  ...
# Subtest: LOOP-071: decision body metadata does not resolve unbuilt work: "~~~text\\nSuperseded by: example\\n~~~"
ok 235 - LOOP-071: decision body metadata does not resolve unbuilt work: "~~~text\\nSuperseded by: example\\n~~~"
  ---
  duration_ms: 681.711065
  type: 'test'
  ...
# Subtest: LOOP-071: a fenced realization example is not a resolving commit
ok 236 - LOOP-071: a fenced realization example is not a resolving commit
  ---
  duration_ms: 661.681291
  type: 'test'
  ...
# Subtest: LOOP-071: a fenced commit inside the realization section is not built
ok 237 - LOOP-071: a fenced commit inside the realization section is not built
  ---
  duration_ms: 652.846755
  type: 'test'
  ...
# Subtest: LOOP-071: \#\# Example cannot replace an open review finding
ok 238 - LOOP-071: \#\# Example cannot replace an open review finding
  ---
  duration_ms: 646.236267
  type: 'test'
  ...
# Subtest: LOOP-071: \# Example cannot replace an open review finding
ok 239 - LOOP-071: \# Example cannot replace an open review finding
  ---
  duration_ms: 644.105634
  type: 'test'
  ...
# Subtest: LOOP-071: \#\#\# Example cannot replace an open review finding
ok 240 - LOOP-071: \#\#\# Example cannot replace an open review finding
  ---
  duration_ms: 633.081278
  type: 'test'
  ...
# Subtest: LOOP-071:   \#\# Example cannot replace an open review finding
ok 241 - LOOP-071:   \#\# Example cannot replace an open review finding
  ---
  duration_ms: 630.425137
  type: 'test'
  ...
# Subtest: LOOP-071: Example paragraph. cannot replace an open review finding
ok 242 - LOOP-071: Example paragraph. cannot replace an open review finding
  ---
  duration_ms: 666.233823
  type: 'test'
  ...
# Subtest: LOOP-071: Example\\n------- cannot replace an open review finding
ok 243 - LOOP-071: Example\\n------- cannot replace an open review finding
  ---
  duration_ms: 628.138158
  type: 'test'
  ...
# Subtest: LOOP-071: fenced fields before a real review header are ignored
ok 244 - LOOP-071: fenced fields before a real review header are ignored
  ---
  duration_ms: 635.273687
  type: 'test'
  ...
# Subtest: LOOP-071: multiline decision --title cannot inject metadata
ok 245 - LOOP-071: multiline decision --title cannot inject metadata
  ---
  duration_ms: 550.333168
  type: 'test'
  ...
# Subtest: LOOP-071: multiline decision --decided-by cannot inject metadata
ok 246 - LOOP-071: multiline decision --decided-by cannot inject metadata
  ---
  duration_ms: 576.898471
  type: 'test'
  ...
# Subtest: LOOP-071: multiline decision --rests-on cannot inject metadata
ok 247 - LOOP-071: multiline decision --rests-on cannot inject metadata
  ---
  duration_ms: 551.546447
  type: 'test'
  ...
# Subtest: LOOP-071: multiline decision --wrong-if cannot inject metadata
ok 248 - LOOP-071: multiline decision --wrong-if cannot inject metadata
  ---
  duration_ms: 552.75453
  type: 'test'
  ...
# Subtest: LOOP-071: multiline decision --history cannot inject metadata
ok 249 - LOOP-071: multiline decision --history cannot inject metadata
  ---
  duration_ms: 595.740164
  type: 'test'
  ...
# Subtest: LOOP-072: malformed Blocking concerns stay open: "R-001\\nAnswer: ok"
ok 250 - LOOP-072: malformed Blocking concerns stay open: "R-001\\nAnswer: ok"
  ---
  duration_ms: 215.69203
  type: 'test'
  ...
# Subtest: LOOP-072: malformed Blocking concerns stay open: "R-001\\r\\nAnswer: ok"
ok 251 - LOOP-072: malformed Blocking concerns stay open: "R-001\\r\\nAnswer: ok"
  ---
  duration_ms: 235.77086
  type: 'test'
  ...
# Subtest: LOOP-072: malformed Blocking concerns stay open: "R-001\\rAnswer: ok"
ok 252 - LOOP-072: malformed Blocking concerns stay open: "R-001\\rAnswer: ok"
  ---
  duration_ms: 215.951291
  type: 'test'
  ...
# Subtest: LOOP-072: malformed Blocking concerns stay open: "R-001 Answer: ok"
ok 253 - LOOP-072: malformed Blocking concerns stay open: "R-001 Answer: ok"
  ---
  duration_ms: 196.095071
  type: 'test'
  ...
# Subtest: LOOP-072: malformed Blocking concerns stay open: "R-001 Answer: ok"
ok 254 - LOOP-072: malformed Blocking concerns stay open: "R-001 Answer: ok"
  ---
  duration_ms: 208.301637
  type: 'test'
  ...
# Subtest: LOOP-072: ordinary malformed concerns are refused: "R-001\\nR-002"
ok 255 - LOOP-072: ordinary malformed concerns are refused: "R-001\\nR-002"
  ---
  duration_ms: 134.350686
  type: 'test'
  ...
# Subtest: LOOP-072: ordinary malformed concerns are refused: "R-001, prose"
ok 256 - LOOP-072: ordinary malformed concerns are refused: "R-001, prose"
  ---
  duration_ms: 145.191087
  type: 'test'
  ...
# Subtest: LOOP-072: ordinary malformed concerns are refused: " "
ok 257 - LOOP-072: ordinary malformed concerns are refused: " "
  ---
  duration_ms: 133.617827
  type: 'test'
  ...
# Subtest: LOOP-072: a Blocking escalation without concerns is still presented
ok 258 - LOOP-072: a Blocking escalation without concerns is still presented
  ---
  duration_ms: 205.784071
  type: 'test'
  ...
# Subtest: LOOP-072: carriage returns in a Blocking question do not create answer records
ok 259 - LOOP-072: carriage returns in a Blocking question do not create answer records
  ---
  duration_ms: 199.449504
  type: 'test'
  ...
# Subtest: LOOP-072: explanation separator 8232 cannot close an escalation
ok 260 - LOOP-072: explanation separator 8232 cannot close an escalation
  ---
  duration_ms: 325.112249
  type: 'test'
  ...
# Subtest: LOOP-071: decision metadata refuses separator 8232
ok 261 - LOOP-071: decision metadata refuses separator 8232
  ---
  duration_ms: 551.230028
  type: 'test'
  ...
# Subtest: LOOP-072: explanation separator 8233 cannot close an escalation
ok 262 - LOOP-072: explanation separator 8233 cannot close an escalation
  ---
  duration_ms: 319.94028
  type: 'test'
  ...
# Subtest: LOOP-071: decision metadata refuses separator 8233
ok 263 - LOOP-071: decision metadata refuses separator 8233
  ---
  duration_ms: 569.496068
  type: 'test'
  ...
# Subtest: Concerns, Rests on, and Promoted from written as lists read as the flat form (LOOP-124)
ok 264 - Concerns, Rests on, and Promoted from written as lists read as the flat form (LOOP-124)
  ---
  duration_ms: 866.391966
  type: 'test'
  ...
# Subtest: an item named by filename, path, or backticked slug resolves like the slug (LOOP-125)
ok 265 - an item named by filename, path, or backticked slug resolves like the slug (LOOP-125)
  ---
  duration_ms: 832.839461
  type: 'test'
  ...
# Subtest: an input that covers Cairn's own output is named as the repair, before and after a check (LOOP-126, LOOP-105)
ok 266 - an input that covers Cairn's own output is named as the repair, before and after a check (LOOP-126, LOOP-105)
  ---
  duration_ms: 787.38163
  type: 'test'
  ...
# Subtest: an unreadable record directory is a repair, not an error exit (LOOP-127)
ok 267 - an unreadable record directory is a repair, not an error exit (LOOP-127) # SKIP root reads everything
  ---
  duration_ms: 0.241299
  type: 'test'
  ...
# Subtest: a title that slugifies to nothing is refused (LOOP-128)
ok 268 - a title that slugifies to nothing is refused (LOOP-128)
  ---
  duration_ms: 203.144641
  type: 'test'
  ...
# Subtest: examined: [] is an empty list (LOOP-129, LOOP-108)
ok 269 - examined: [] is an empty list (LOOP-129, LOOP-108)
  ---
  duration_ms: 489.933078
  type: 'test'
  ...
# Subtest: below the Git toplevel the restore check compares root-relative paths (LOOP-130, LOOP-035)
ok 270 - below the Git toplevel the restore check compares root-relative paths (LOOP-130, LOOP-035)
  ---
  duration_ms: 583.548536
  type: 'test'
  ...
# Subtest: below the Git toplevel an uncommitted declared input is named from the project root (LOOP-132, LOOP-030)
ok 271 - below the Git toplevel an uncommitted declared input is named from the project root (LOOP-132, LOOP-030)
  ---
  duration_ms: 327.648816
  type: 'test'
  ...
# Subtest: an input spelled .. from a project below the Git toplevel covers the evidence directory (LOOP-126, LOOP-105)
ok 272 - an input spelled .. from a project below the Git toplevel covers the evidence directory (LOOP-126, LOOP-105)
  ---
  duration_ms: 230.139238
  type: 'test'
  ...
# Subtest: a Consequential record this commitment added needs its queue entry committed (LOOP-131, DEC-004)
ok 273 - a Consequential record this commitment added needs its queue entry committed (LOOP-131, DEC-004)
  ---
  duration_ms: 818.938571
  type: 'test'
  ...
# Subtest: a mechanism that removes the check lock still gets its evidence, with no repair for the lock (LOOP-107)
ok 274 - a mechanism that removes the check lock still gets its evidence, with no repair for the lock (LOOP-107)
  ---
  duration_ms: 299.95046
  type: 'test'
  ...
# Subtest: a staged rename reads as its two paths, never as a bare origin token (LOOP-030, LOOP-110)
ok 275 - a staged rename reads as its two paths, never as a bare origin token (LOOP-030, LOOP-110)
  ---
  duration_ms: 180.56324
  type: 'test'
  ...
# Subtest: a Current: line inside a fenced example is neither a second Current: line nor the commitment, before or after the real line (LOOP-104)
ok 276 - a Current: line inside a fenced example is neither a second Current: line nor the commitment, before or after the real line (LOOP-104)
  ---
  duration_ms: 349.122898
  type: 'test'
  ...
# Subtest: a Status: word is taken only from a line that carries one, never from wrapped prose after it (SPEC-018)
ok 277 - a Status: word is taken only from a line that carries one, never from wrapped prose after it (SPEC-018)
  ---
  duration_ms: 1.149553
  type: 'test'
  ...
# Subtest: an unmatched input is refused before execution (LOOP-044)
ok 278 - an unmatched input is refused before execution (LOOP-044)
  ---
  duration_ms: 223.87559
  type: 'test'
  ...
# Subtest: an indexed input deleted on disk asks for a commit (LOOP-045)
ok 279 - an indexed input deleted on disk asks for a commit (LOOP-045)
  ---
  duration_ms: 215.796451
  type: 'test'
  ...
# Subtest: wake and check require a Git working tree (LOOP-046)
ok 280 - wake and check require a Git working tree (LOOP-046)
  ---
  duration_ms: 207.81565
  type: 'test'
  ...
# Subtest: recovery removes only dead kernel run records and identifies a live owner (LOOP-054, LOOP-055)
ok 281 - recovery removes only dead kernel run records and identifies a live owner (LOOP-054, LOOP-055)
  ---
  duration_ms: 384.45964
  type: 'test'
  ...
# Subtest: an agent action based behind a clean HEAD appears committed (LOOP-027)
ok 282 - an agent action based behind a clean HEAD appears committed (LOOP-027)
  ---
  duration_ms: 311.204751
  type: 'test'
  ...
# Subtest: realization needs a real commit and a subject (DEC-006)
ok 283 - realization needs a real commit and a subject (DEC-006)
  ---
  duration_ms: 322.683121
  type: 'test'
  ...
# Subtest: 1500 binary inputs digest identically at the review commit in under a second (LOOP-024)
ok 284 - 1500 binary inputs digest identically at the review commit in under a second (LOOP-024)
  ---
  duration_ms: 1065.977102
  type: 'test'
  ...
# Subtest: merged work is excluded but a later own commit is a breach (LOOP-047)
ok 285 - merged work is excluded but a later own commit is a breach (LOOP-047)
  ---
  duration_ms: 526.22193
  type: 'test'
  ...
# Subtest: exact Current tenure ignores prefix matches and earlier visits to the same slug (LOOP-035)
ok 286 - exact Current tenure ignores prefix matches and earlier visits to the same slug (LOOP-035)
  ---
  duration_ms: 611.60334
  type: 'test'
  ...
# Subtest: a kernel run records its supervising PID (LOOP-054)
ok 287 - a kernel run records its supervising PID (LOOP-054)
  ---
  duration_ms: 279.398036
  type: 'test'
  ...
# Subtest: a merged declared input still stales evidence (LOOP-047)
ok 288 - a merged declared input still stales evidence (LOOP-047)
  ---
  duration_ms: 611.665463
  type: 'test'
  ...
# Subtest: wildcard and magic pathspecs select the same historical inputs (LOOP-024, LOOP-032)
ok 289 - wildcard and magic pathspecs select the same historical inputs (LOOP-024, LOOP-032)
  ---
  duration_ms: 2612.496861
  type: 'test'
  ...
# Subtest: historical selection retains deleted files and excludes new ones (LOOP-024, LOOP-035)
ok 290 - historical selection retains deleted files and excludes new ones (LOOP-024, LOOP-035)
  ---
  duration_ms: 1916.187373
  type: 'test'
  ...
# Subtest: cairn --version prints the package.json version outside a repository, and help lists it (PKG-039)
ok 291 - cairn --version prints the package.json version outside a repository, and help lists it (PKG-039)
  ---
  duration_ms: 162.950759
  type: 'test'
  ...
# Subtest: a release is one commit setting one version in the five files, with the changelog entry, tagged v<version> (PKG-040)
ok 292 - a release is one commit setting one version in the five files, with the changelog entry, tagged v<version> (PKG-040)
  ---
  duration_ms: 998.828853
  type: 'test'
  ...
# Subtest: the release script refuses a bad version, no increase, a dirty tree, a missing entry, a taken tag, a disagreeing file, and a loop not at Done, each in one line with nothing written (PKG-040)
ok 293 - the release script refuses a bad version, no increase, a dirty tree, a missing entry, a taken tag, a disagreeing file, and a loop not at Done, each in one line with nothing written (PKG-040)
  ---
  duration_ms: 2098.913558
  type: 'test'
  ...
# Subtest: explicit reporting with no lines and exit 0 establishes no requirement verdicts (LOOP-061)
ok 294 - explicit reporting with no lines and exit 0 establishes no requirement verdicts (LOOP-061)
  ---
  duration_ms: 385.430514
  type: 'test'
  ...
# Subtest: explicit reporting with no lines and exit 1 establishes no requirement verdicts (LOOP-061)
ok 295 - explicit reporting with no lines and exit 1 establishes no requirement verdicts (LOOP-061)
  ---
  duration_ms: 395.260048
  type: 'test'
  ...
# Subtest: a reporter that cannot start keeps execution diagnostics without blaming requirements (LOOP-062)
ok 296 - a reporter that cannot start keeps execution diagnostics without blaming requirements (LOOP-062)
  ---
  duration_ms: 257.74307
  type: 'test'
  ...
# Subtest: large output cannot kill a reporter or invent a requirement verdict
ok 297 - large output cannot kill a reporter or invent a requirement verdict
  ---
  duration_ms: 300.241926
  type: 'test'
  ...
# Subtest: explicit mode ignores cairn: R-999: pass
ok 298 - explicit mode ignores cairn: R-999: pass
  ---
  duration_ms: 286.233646
  type: 'test'
  ...
# Subtest: explicit mode ignores cairn: R-001: unverified
ok 299 - explicit mode ignores cairn: R-001: unverified
  ---
  duration_ms: 301.424277
  type: 'test'
  ...
# Subtest: explicit mode ignores cairn: R-001: passed
ok 300 - explicit mode ignores cairn: R-001: passed
  ---
  duration_ms: 328.591817
  type: 'test'
  ...
# Subtest: explicit results survive nonzero exit and contradictory duplicates still fail
ok 301 - explicit results survive nonzero exit and contradictory duplicates still fail
  ---
  duration_ms: 601.124803
  type: 'test'
  ...
# Subtest: unverified results across changed inputs never become failed attempts
ok 302 - unverified results across changed inputs never become failed attempts
  ---
  duration_ms: 1685.64812
  type: 'test'
  ...
# Subtest: legacy exit 0 retains its interpretation
ok 303 - legacy exit 0 retains its interpretation
  ---
  duration_ms: 283.126767
  type: 'test'
  ...
# Subtest: legacy exit 1 retains its interpretation
ok 304 - legacy exit 1 retains its interpretation
  ---
  duration_ms: 286.678188
  type: 'test'
  ...
# Subtest: a misspelled reporting mode is refused before execution
ok 305 - a misspelled reporting mode is refused before execution
  ---
  duration_ms: 200.159766
  type: 'test'
  ...
# Subtest: changed requirement blocks unchecked reruns and makes the completion review stale (LOOP-058, LOOP-059)
ok 306 - changed requirement blocks unchecked reruns and makes the completion review stale (LOOP-058, LOOP-059)
  ---
  duration_ms: 1571.930286
  type: 'test'
  ...
# Subtest: falsifier changes need review; separate rationale and other requirements do not change a receipt
ok 307 - falsifier changes need review; separate rationale and other requirements do not change a receipt
  ---
  duration_ms: 1229.803051
  type: 'test'
  ...
# Subtest: legacy receipts recover requirement identity from their commit; unavailable history requires review
ok 308 - legacy receipts recover requirement identity from their commit; unavailable history requires review
  ---
  duration_ms: 1016.469092
  type: 'test'
  ...
# Subtest: check refuses uncommitted requirement text and mechanism review markers
ok 309 - check refuses uncommitted requirement text and mechanism review markers
  ---
  duration_ms: 1091.456309
  type: 'test'
  ...
# Subtest: tightened response limit cannot reuse the old passing check
ok 310 - tightened response limit cannot reuse the old passing check
  ---
  duration_ms: 1891.214594
  type: 'test'
  ...
# Subtest: a declared input over 1 MiB agrees at a commit and in the tree (LOOP-060)
ok 311 - a declared input over 1 MiB agrees at a commit and in the tree (LOOP-060)
  ---
  duration_ms: 737.172854
  type: 'test'
  ...
# Subtest: a failed Git blob read cannot be hashed as an empty blob
ok 312 - a failed Git blob read cannot be hashed as an empty blob
  ---
  duration_ms: 532.043904
  type: 'test'
  ...
# Subtest: Git listings over 1 MiB include the last declared input
ok 313 - Git listings over 1 MiB include the last declared input
  ---
  duration_ms: 2201.696463
  type: 'test'
  ...
# Subtest: requirement identity excludes fenced examples and status dates
ok 314 - requirement identity excludes fenced examples and status dates
  ---
  duration_ms: 828.670191
  type: 'test'
  ...
# Subtest: DemonCoder REM-002 and Status in progress cannot silently satisfy the review gate (LOOP-086)
ok 315 - DemonCoder REM-002 and Status in progress cannot silently satisfy the review gate (LOOP-086)
  ---
  duration_ms: 768.179801
  type: 'test'
  ...
# Subtest: valid open findings retain their behavior
ok 316 - valid open findings retain their behavior
  ---
  duration_ms: 571.957263
  type: 'test'
  ...
# Subtest: valid resolved findings retain their behavior
ok 317 - valid resolved findings retain their behavior
  ---
  duration_ms: 588.065743
  type: 'test'
  ...
# Subtest: valid empty findings retain their behavior
ok 318 - valid empty findings retain their behavior
  ---
  duration_ms: 593.298634
  type: 'test'
  ...
# Subtest: valid mixed valid findings retain their behavior
ok 319 - valid mixed valid findings retain their behavior
  ---
  duration_ms: 576.939126
  type: 'test'
  ...
# Subtest: malformed finding "open:" requires repair
ok 320 - malformed finding "open:" requires repair
  ---
  duration_ms: 582.290733
  type: 'test'
  ...
# Subtest: malformed finding "resolved:   " requires repair
ok 321 - malformed finding "resolved:   " requires repair
  ---
  duration_ms: 572.742261
  type: 'test'
  ...
# Subtest: malformed finding "Open: incorrect case" requires repair
ok 322 - malformed finding "Open: incorrect case" requires repair
  ---
  duration_ms: 557.776473
  type: 'test'
  ...
# Subtest: malformed finding "unknown: issue" requires repair
ok 323 - malformed finding "unknown: issue" requires repair
  ---
  duration_ms: 561.344027
  type: 'test'
  ...
# Subtest: malformed finding "\\u001b[31mBAD: issue" requires repair
ok 324 - malformed finding "\\u001b[31mBAD: issue" requires repair
  ---
  duration_ms: 554.800963
  type: 'test'
  ...
# Subtest: the established explicit empty findings list remains valid
ok 325 - the established explicit empty findings list remains valid
  ---
  duration_ms: 575.453602
  type: 'test'
  ...
# Subtest: a scalar findings value requires the supported list format
ok 326 - a scalar findings value requires the supported list format
  ---
  duration_ms: 573.524682
  type: 'test'
  ...
# Subtest: a Requirements: line written as a list is read like the flat form (LOOP-102)
ok 327 - a Requirements: line written as a list is read like the flat form (LOOP-102)
  ---
  duration_ms: 175.202197
  type: 'test'
  ...
# Subtest: a subdirectory or a README in a record directory changes nothing (LOOP-103)
ok 328 - a subdirectory or a README in a record directory changes nothing (LOOP-103)
  ---
  duration_ms: 589.435693
  type: 'test'
  ...
# Subtest: two Current: lines are a roadmap repair (LOOP-104)
ok 329 - two Current: lines are a roadmap repair (LOOP-104)
  ---
  duration_ms: 144.360945
  type: 'test'
  ...
# Subtest: a repeated identifier, an input under the evidence directory, and a missing cwd are refused by name (LOOP-105)
ok 330 - a repeated identifier, an input under the evidence directory, and a missing cwd are refused by name (LOOP-105)
  ---
  duration_ms: 624.019745
  type: 'test'
  ...
# Subtest: a requirement whose evidence outlives its mechanism is named declare, not a regression or an escalation (LOOP-106)
ok 331 - a requirement whose evidence outlives its mechanism is named declare, not a regression or an escalation (LOOP-106)
  ---
  duration_ms: 993.046446
  type: 'test'
  ...
# Subtest: an unreadable record is a repair, not an error exit (LOOP-107)
ok 332 - an unreadable record is a repair, not an error exit (LOOP-107) # SKIP root reads everything
  ---
  duration_ms: 0.218342
  type: 'test'
  ...
# Subtest: a review needs commit, a nonempty examined list, and a findings list, each named when missing (LOOP-108)
ok 333 - a review needs commit, a nonempty examined list, and a findings list, each named when missing (LOOP-108)
  ---
  duration_ms: 1275.896424
  type: 'test'
  ...
# Subtest: a decision record missing a header field or naming a missing predecessor is a repair (LOOP-109)
ok 334 - a decision record missing a header field or naming a missing predecessor is a repair (LOOP-109)
  ---
  duration_ms: 731.438993
  type: 'test'
  ...
# Subtest: a dirty declared input with no in-progress record is named record ahead of run (LOOP-022, LOOP-110)
ok 335 - a dirty declared input with no in-progress record is named record ahead of run (LOOP-022, LOOP-110)
  ---
  duration_ms: 398.628017
  type: 'test'
  ...
# Subtest: with core.filemode false the index mode is the identity, so a mode-only difference does not refuse the check (LOOP-111)
ok 336 - with core.filemode false the index mode is the identity, so a mode-only difference does not refuse the check (LOOP-111)
  ---
  duration_ms: 285.257138
  type: 'test'
  ...
# Subtest: a project below the Git toplevel can run check (LOOP-112)
ok 337 - a project below the Git toplevel can run check (LOOP-112)
  ---
  duration_ms: 390.835166
  type: 'test'
  ...
# Subtest: a shallow clone names history to fetch, not a decision to build (LOOP-113)
ok 338 - a shallow clone names history to fetch, not a decision to build (LOOP-113)
  ---
  duration_ms: 507.491299
  type: 'test'
  ...
# Subtest: record-writing commands refuse to run outside a Cairn repository and write nothing (LOOP-118)
ok 339 - record-writing commands refuse to run outside a Cairn repository and write nothing (LOOP-118)
  ---
  duration_ms: 348.431612
  type: 'test'
  ...
# Subtest: empty footprint names declaration before scope and records no evidence (LOOP-081)
ok 340 - empty footprint names declaration before scope and records no evidence (LOOP-081)
  ---
  duration_ms: 714.892263
  type: 'test'
  ...
# Subtest: first declaration still checks the full earlier history (LOOP-081)
ok 341 - first declaration still checks the full earlier history (LOOP-081)
  ---
  duration_ms: 566.832079
  type: 'test'
  ...
# Subtest: an empty current footprint does not block an explicitly requested existing mechanism (LOOP-081)
ok 342 - an empty current footprint does not block an explicitly requested existing mechanism (LOOP-081)
  ---
  duration_ms: 392.22223
  type: 'test'
  ...
# Subtest: an inherited mechanism provides a footprint even before local mechanisms exist
ok 343 - an inherited mechanism provides a footprint even before local mechanisms exist
  ---
  duration_ms: 337.160778
  type: 'test'
  ...
# Subtest: scope reports every path, escapes line breaks, and gives identical remedies (LOOP-082)
ok 344 - scope reports every path, escapes line breaks, and gives identical remedies (LOOP-082)
  ---
  duration_ms: 401.402141
  type: 'test'
  ...
# Subtest: scope verdict reuses the answered-escalation annotation (LOOP-048, LOOP-051, LOOP-083)
ok 345 - scope verdict reuses the answered-escalation annotation (LOOP-048, LOOP-051, LOOP-083)
  ---
  duration_ms: 850.698718
  type: 'test'
  ...
# Subtest: a committed scope acknowledgment lets restored history proceed (LOOP-083)
ok 346 - a committed scope acknowledgment lets restored history proceed (LOOP-083)
  ---
  duration_ms: 913.235398
  type: 'test'
  ...
# Subtest: scope acknowledgment must be committed before it can clear a breach
ok 347 - scope acknowledgment must be committed before it can clear a breach
  ---
  duration_ms: 949.529233
  type: 'test'
  ...
# Subtest: ordinary ok does not acknowledge scope history
ok 348 - ordinary ok does not acknowledge scope history
  ---
  duration_ms: 639.301944
  type: 'test'
  ...
# Subtest: scope escalation refuses unrestored paths and names the restoration remedy
ok 349 - scope escalation refuses unrestored paths and names the restoration remedy
  ---
  duration_ms: 442.492571
  type: 'test'
  ...
# Subtest: an invalid scope request still records an explicitly Blocking decision
ok 350 - an invalid scope request still records an explicitly Blocking decision
  ---
  duration_ms: 326.25193
  type: 'test'
  ...
# Subtest: ask and explanation stay open; only the final committed ok acknowledges scope
ok 351 - ask and explanation stay open; only the final committed ok acknowledges scope
  ---
  duration_ms: 1264.862721
  type: 'test'
  ...
# Subtest: instead is visible but does not silently authorize a scope exception
ok 352 - instead is visible but does not silently authorize a scope exception
  ---
  duration_ms: 750.288051
  type: 'test'
  ...
# Subtest: later changes to an acknowledged path still block, including later reverts
ok 353 - later changes to an acknowledged path still block, including later reverts
  ---
  duration_ms: 1943.358998
  type: 'test'
  ...
# Subtest: approval cannot hide another path changed after the snapshot
ok 354 - approval cannot hide another path changed after the snapshot
  ---
  duration_ms: 852.396396
  type: 'test'
  ...
# Subtest: acknowledged history remains conditional on the paths staying restored
ok 355 - acknowledged history remains conditional on the paths staying restored
  ---
  duration_ms: 1209.028818
  type: 'test'
  ...
# Subtest: editing the scope snapshot after answer invalidates its acknowledgment
ok 356 - editing the scope snapshot after answer invalidates its acknowledgment
  ---
  duration_ms: 740.935167
  type: 'test'
  ...
# Subtest: malformed scope metadata cannot suppress a breach
ok 357 - malformed scope metadata cannot suppress a breach
  ---
  duration_ms: 2960.920647
  type: 'test'
  ...
# Subtest: damaged acknowledgment fields cannot suppress a breach
ok 358 - damaged acknowledgment fields cannot suppress a breach
  ---
  duration_ms: 1334.450803
  type: 'test'
  ...
# Subtest: scope path matching is literal, including wildcard filenames and control characters
ok 359 - scope path matching is literal, including wildcard filenames and control characters
  ---
  duration_ms: 1028.140347
  type: 'test'
  ...
# Subtest: scope acknowledgment does not carry into another activation of the same slug
ok 360 - scope acknowledgment does not carry into another activation of the same slug
  ---
  duration_ms: 965.387469
  type: 'test'
  ...
# Subtest: restoration checks additions, deletions, executable modes, and symlink kinds
ok 361 - restoration checks additions, deletions, executable modes, and symlink kinds
  ---
  duration_ms: 2940.302939
  type: 'test'
  ...
# Subtest: explicit committed retention keeps correct work and requires new evidence and review (LOOP-084, LOOP-085)
ok 362 - explicit committed retention keeps correct work and requires new evidence and review (LOOP-084, LOOP-085)
  ---
  duration_ms: 2153.922479
  type: 'test'
  ...
# Subtest: a missing declaration covers correct earlier work without retention or revert
ok 363 - a missing declaration covers correct earlier work without retention or revert
  ---
  duration_ms: 720.78209
  type: 'test'
  ...
# Subtest: keep requires scope and an unchanged committed candidate
ok 364 - keep requires scope and an unchanged committed candidate
  ---
  duration_ms: 355.696141
  type: 'test'
  ...
# Subtest: uncommitted retention and instead answers cannot clear the incident
ok 365 - uncommitted retention and instead answers cannot clear the incident
  ---
  duration_ms: 1431.67729
  type: 'test'
  ...
# Subtest: retention does not grant future edits, even when reverted to the approved tree
ok 366 - retention does not grant future edits, even when reverted to the approved tree
  ---
  duration_ms: 1930.587196
  type: 'test'
  ...
# Subtest: retention cannot cover another path or another activation
ok 367 - retention cannot cover another path or another activation
  ---
  duration_ms: 1256.104147
  type: 'test'
  ...
# Subtest: imported changes must still match the retained tree
ok 368 - imported changes must still match the retained tree
  ---
  duration_ms: 1211.360244
  type: 'test'
  ...
# Subtest: retention handles additions, deletions, modes, symlinks, and literal filenames
ok 369 - retention handles additions, deletions, modes, symlinks, and literal filenames
  ---
  duration_ms: 3538.822102
  type: 'test'
  ...
# Subtest: retention cannot convert an existing restoration answer or accept an unknown mode
ok 370 - retention cannot convert an existing restoration answer or accept an unknown mode
  ---
  duration_ms: 1118.240203
  type: 'test'
  ...
# Subtest: a check failure after retention remains a failure
ok 371 - a check failure after retention remains a failure
  ---
  duration_ms: 1268.19734
  type: 'test'
  ...
# Subtest: retained paths stay part of the stable checked candidate without extending its footprint
ok 372 - retained paths stay part of the stable checked candidate without extending its footprint
  ---
  duration_ms: 1312.62008
  type: 'test'
  ...
# Subtest: retention ask needs an explanation and final committed approval
ok 373 - retention ask needs an explanation and final committed approval
  ---
  duration_ms: 1126.956469
  type: 'test'
  ...
# Subtest: an unknown scope mode remains invalid even with a matching approval digest
ok 374 - an unknown scope mode remains invalid even with a matching approval digest
  ---
  duration_ms: 684.323573
  type: 'test'
  ...
# Subtest: backlog writes the item; a second with the same title is refused, never overwritten (LOOP-016)
ok 375 - backlog writes the item; a second with the same title is refused, never overwritten (LOOP-016)
  ---
  duration_ms: 238.789989
  type: 'test'
  ...
# Subtest: a commit inside the footprint: check runs; outside it: check names the path and does not run (LOOP-015, LOOP-035)
ok 376 - a commit inside the footprint: check runs; outside it: check names the path and does not run (LOOP-015, LOOP-035)
  ---
  duration_ms: 687.791577
  type: 'test'
  ...
# Subtest: Cairn's records are never a breach; another file under docs/ is (LOOP-117)
ok 377 - Cairn's records are never a breach; another file under docs/ is (LOOP-117)
  ---
  duration_ms: 713.794687
  type: 'test'
  ...
# Subtest: declaring the path as an input clears the breach
ok 378 - declaring the path as an input clears the breach
  ---
  duration_ms: 433.742047
  type: 'test'
  ...
# Subtest: a revert preserves the record of an out-of-scope commit (LOOP-047)
ok 379 - a revert preserves the record of an out-of-scope commit (LOOP-047)
  ---
  duration_ms: 505.978468
  type: 'test'
  ...
# Subtest: a commitment naming a requirement the spec set does not hold as Agreed is repaired (LOOP-029)
ok 380 - a commitment naming a requirement the spec set does not hold as Agreed is repaired (LOOP-029)
  ---
  duration_ms: 147.07101
  type: 'test'
  ...
# Subtest: a requirement in a Draft spec file is not Agreed
ok 381 - a requirement in a Draft spec file is not Agreed
  ---
  duration_ms: 147.046399
  type: 'test'
  ...
# Subtest: working agreements and the ignore file are Cairn records (LOOP-035, LOOP-036)
ok 382 - working agreements and the ignore file are Cairn records (LOOP-035, LOOP-036)
  ---
  duration_ms: 532.397462
  type: 'test'
  ...
# Subtest: the over-asking rule is gone from both skills (SPEC-005, SPEC-006, SPEC-007)
ok 383 - the over-asking rule is gone from both skills (SPEC-005, SPEC-006, SPEC-007)
  ---
  duration_ms: 1.140175
  type: 'test'
  ...
# Subtest: a decision during the phase is recorded (DEC-003)
ok 384 - a decision during the phase is recorded (DEC-003)
  ---
  duration_ms: 0.178343
  type: 'test'
  ...
# Subtest: understanding is restated before writing (SPEC-003)
ok 385 - understanding is restated before writing (SPEC-003)
  ---
  duration_ms: 0.135889
  type: 'test'
  ...
# Subtest: falsifiers are proposed as one set and confirmed by exception (SPEC-004)
ok 386 - falsifiers are proposed as one set and confirmed by exception (SPEC-004)
  ---
  duration_ms: 0.143012
  type: 'test'
  ...
# Subtest: depth is inferred and domains derived, never asked or imposed (SPEC-008, SPEC-009)
ok 387 - depth is inferred and domains derived, never asked or imposed (SPEC-008, SPEC-009)
  ---
  duration_ms: 0.171108
  type: 'test'
  ...
# Subtest: a term enters the glossary at first occurrence (SPEC-010)
ok 388 - a term enters the glossary at first occurrence (SPEC-010)
  ---
  duration_ms: 0.0792
  type: 'test'
  ...
# Subtest: the phase ends at the first commitment, and later ones are specified during the loop (SPEC-011, SPEC-012)
ok 389 - the phase ends at the first commitment, and later ones are specified during the loop (SPEC-011, SPEC-012)
  ---
  duration_ms: 0.133667
  type: 'test'
  ...
# Subtest: a requirement goes Agreed only with a nameable mechanism (SPEC-013)
ok 390 - a requirement goes Agreed only with a nameable mechanism (SPEC-013)
  ---
  duration_ms: 0.072202
  type: 'test'
  ...
# Subtest: review before agreement, recording what it attacked (SPEC-014, SPEC-015)
ok 391 - review before agreement, recording what it attacked (SPEC-014, SPEC-015)
  ---
  duration_ms: 0.321213
  type: 'test'
  ...
# Subtest: no spec file without requirements; nothing Agreed without a falsifier (SPEC-001, SPEC-002)
ok 392 - no spec file without requirements; nothing Agreed without a falsifier (SPEC-001, SPEC-002)
  ---
  duration_ms: 0.276885
  type: 'test'
  ...
# Subtest: Observed is marked, and is not contract (SPEC-016, SPEC-017)
ok 393 - Observed is marked, and is not contract (SPEC-016, SPEC-017)
  ---
  duration_ms: 0.114083
  type: 'test'
  ...
# Subtest: the skills exclude artifacts outside Cairn's workflow
ok 394 - the skills exclude artifacts outside Cairn's workflow
  ---
  duration_ms: 0.123867
  type: 'test'
  ...
# Subtest: the working agreement names the agent's move for each verdict and the write-ahead record (LOOP-036)
ok 395 - the working agreement names the agent's move for each verdict and the write-ahead record (LOOP-036)
  ---
  duration_ms: 0.158922
  type: 'test'
  ...
# Subtest: the working agreement names the developer's moves (LOOP-036, DEC-014)
ok 396 - the working agreement names the developer's moves (LOOP-036, DEC-014)
  ---
  duration_ms: 0.071487
  type: 'test'
  ...
# Subtest: this repository runs by the file it ships
ok 397 - this repository runs by the file it ships
  ---
  duration_ms: 0.833196
  type: 'test'
  ...
# Subtest: both skills write the working agreement without naming a vendor's file (LOOP-002, LOOP-036, PKG-006)
ok 398 - both skills write the working agreement without naming a vendor's file (LOOP-002, LOOP-036, PKG-006)
  ---
  duration_ms: 0.157225
  type: 'test'
  ...
# Subtest: the working agreement says what an attempt is (LOOP-036, DEC-017, DEC-018)
ok 399 - the working agreement says what an attempt is (LOOP-036, DEC-017, DEC-018)
  ---
  duration_ms: 0.05265
  type: 'test'
  ...
# Subtest: the working agreement says a failure no footprint change can address is an escalation, and where an inherited requirement is repaired (DEC-019, LOOP-057)
ok 400 - the working agreement says a failure no footprint change can address is an escalation, and where an inherited requirement is repaired (DEC-019, LOOP-057)
  ---
  duration_ms: 0.047615
  type: 'test'
  ...
# Subtest: the working agreement states the promote, next-iteration, and no-deferral moves (LOOP-029, LOOP-087, LOOP-091, LOOP-092)
ok 401 - the working agreement states the promote, next-iteration, and no-deferral moves (LOOP-029, LOOP-087, LOOP-091, LOOP-092)
  ---
  duration_ms: 0.060851
  type: 'test'
  ...
# Subtest: both skills sort captures into the backlog or next-iteration and forbid deferral (LOOP-029, LOOP-092, LOOP-093)
ok 402 - both skills sort captures into the backlog or next-iteration and forbid deferral (LOOP-029, LOOP-092, LOOP-093)
  ---
  duration_ms: 0.052279
  type: 'test'
  ...
# Subtest: the skill requires a falsifier on every requirement, a MAY included (SPEC-025)
ok 403 - the skill requires a falsifier on every requirement, a MAY included (SPEC-025)
  ---
  duration_ms: 0.050385
  type: 'test'
  ...
# Subtest: the working agreement names the hooks as optional and the install skill registers them for two harnesses (PKG-006, PKG-018, PKG-019)
ok 404 - the working agreement names the hooks as optional and the install skill registers them for two harnesses (PKG-006, PKG-018, PKG-019)
  ---
  duration_ms: 0.175498
  type: 'test'
  ...
# Subtest: the working agreement says the kernel is upgraded at Done, never inside a commitment (LOOP-096)
ok 405 - the working agreement says the kernel is upgraded at Done, never inside a commitment (LOOP-096)
  ---
  duration_ms: 0.057499
  type: 'test'
  ...
# Subtest: the next-iteration skill starts from the specification and ends by naming the next commitment (SPEC-026, SPEC-027)
ok 406 - the next-iteration skill starts from the specification and ends by naming the next commitment (SPEC-026, SPEC-027)
  ---
  duration_ms: 0.196714
  type: 'test'
  ...
# Subtest: every document that names the project skills names next-iteration beside them (SPEC-026, PKG-014)
ok 407 - every document that names the project skills names next-iteration beside them (SPEC-026, PKG-014)
  ---
  duration_ms: 2.757527
  type: 'test'
  ...
# Subtest: the working agreement states a move for every action the kernel can name (LOOP-101)
ok 408 - the working agreement states a move for every action the kernel can name (LOOP-101)
  ---
  duration_ms: 0.878723
  type: 'test'
  ...
# Subtest: the working agreement states both record formats and the two flags the moves need (LOOP-036)
ok 409 - the working agreement states both record formats and the two flags the moves need (LOOP-036)
  ---
  duration_ms: 0.14506
  type: 'test'
  ...
# Subtest: the skills demonstrate a safe violating example and preserve recon findings (SPEC-022, SPEC-023)
ok 410 - the skills demonstrate a safe violating example and preserve recon findings (SPEC-022, SPEC-023)
  ---
  duration_ms: 0.066227
  type: 'test'
  ...
# Subtest: the specification skills run the checker through the cairn command (PKG-029)
ok 411 - the specification skills run the checker through the cairn command (PKG-029)
  ---
  duration_ms: 0.315654
  type: 'test'
  ...
# Subtest: the README invokes the phase skills by name and states versions and platforms (PKG-030, PKG-031)
ok 412 - the README invokes the phase skills by name and states versions and platforms (PKG-030, PKG-031)
  ---
  duration_ms: 0.3766
  type: 'test'
  ...
# Subtest: the manual and the walkthrough say the loop promotes backlog items at Done
ok 413 - the manual and the walkthrough say the loop promotes backlog items at Done
  ---
  duration_ms: 1.433103
  type: 'test'
  ...
# Subtest: a two-obligation sentence is named (PKG-007)
ok 414 - a two-obligation sentence is named (PKG-007)
  ---
  duration_ms: 43.941188
  type: 'test'
  ...
# Subtest: an obligation with no actor is named (PKG-010)
ok 415 - an obligation with no actor is named (PKG-010)
  ---
  duration_ms: 46.918946
  type: 'test'
  ...
# Subtest: a leading condition clause is not the actor, and the actor after it counts
ok 416 - a leading condition clause is not the actor, and the actor after it counts
  ---
  duration_ms: 46.039199
  type: 'test'
  ...
# Subtest: an Agreed requirement with no falsifier is named (SPEC-002); a Draft one is not
ok 417 - an Agreed requirement with no falsifier is named (SPEC-002); a Draft one is not
  ---
  duration_ms: 85.654191
  type: 'test'
  ...
# Subtest: prose after a Draft requirement with no falsifier is not scanned as requirement text
ok 418 - prose after a Draft requirement with no falsifier is not scanned as requirement text
  ---
  duration_ms: 41.381686
  type: 'test'
  ...
# Subtest: a spec declaring a prefix with no requirement is named (SPEC-001)
ok 419 - a spec declaring a prefix with no requirement is named (SPEC-001)
  ---
  duration_ms: 43.438124
  type: 'test'
  ...
# Subtest: a keyword in backticks or quotes is a mention, not an obligation
ok 420 - a keyword in backticks or quotes is a mention, not an obligation
  ---
  duration_ms: 44.822511
  type: 'test'
  ...
# Subtest: duplicate identifiers are rejected within a file and across files (SPEC-020)
ok 421 - duplicate identifiers are rejected within a file and across files (SPEC-020)
  ---
  duration_ms: 88.618349
  type: 'test'
  ...
# Subtest: references resolve across files; missing references name their source (SPEC-021)
ok 422 - references resolve across files; missing references name their source (SPEC-021)
  ---
  duration_ms: 86.034335
  type: 'test'
  ...
# Subtest: code examples and quoted mentions are neither definitions nor references
ok 423 - code examples and quoted mentions are neither definitions nor references
  ---
  duration_ms: 42.016261
  type: 'test'
  ...
# Subtest: machine-local paths are findings in prose, links, quotes, and examples (SPEC-019)
ok 424 - machine-local paths are findings in prose, links, quotes, and examples (SPEC-019)
  ---
  duration_ms: 415.158986
  type: 'test'
  ...
# Subtest: relative paths, URLs, slash commands, and character mentions are not absolute path findings
ok 425 - relative paths, URLs, slash commands, and character mentions are not absolute path findings
  ---
  duration_ms: 41.748091
  type: 'test'
  ...
# Subtest: a slash after a placeholder continues the template (SPEC-019)
ok 426 - a slash after a placeholder continues the template (SPEC-019)
  ---
  duration_ms: 79.099897
  type: 'test'
  ...
# Subtest: a host path is a finding until the file declares it (SPEC-019, SPEC-024)
ok 427 - a host path is a finding until the file declares it (SPEC-019, SPEC-024)
  ---
  duration_ms: 84.02019
  type: 'test'
  ...
# Subtest: declared host paths cover children with a slash boundary and stay file-local
ok 428 - declared host paths cover children with a slash boundary and stay file-local
  ---
  duration_ms: 126.901851
  type: 'test'
  ...
# Subtest: a host-path declaration inside a requirement or example grants no exception
ok 429 - a host-path declaration inside a requirement or example grants no exception
  ---
  duration_ms: 124.253911
  type: 'test'
  ...
# Subtest: host-path declarations require absolute or home-relative entries
ok 430 - host-path declarations require absolute or home-relative entries
  ---
  duration_ms: 226.584561
  type: 'test'
  ...
# Subtest: an Agreed block whose only keyword is MAY needs a falsifier like any other (SPEC-025, SPEC-002)
ok 431 - an Agreed block whose only keyword is MAY needs a falsifier like any other (SPEC-025, SPEC-002)
  ---
  duration_ms: 92.044562
  type: 'test'
  ...
# Subtest: a regex literal is not a path, a drive path and a file URL are, and a skill's slash name is allowed (SPEC-028, SPEC-029)
ok 432 - a regex literal is not a path, a drive path and a file URL are, and a skill's slash name is allowed (SPEC-028, SPEC-029)
  ---
  duration_ms: 89.279225
  type: 'test'
  ...
# Subtest: a backticked or quoted actor still counts as one (PKG-010)
ok 433 - a backticked or quoted actor still counts as one (PKG-010)
  ---
  duration_ms: 40.141873
  type: 'test'
  ...
# Subtest: supersede writes both lines, and the old record keeps every word it had (DEC-008, DEC-010)
ok 434 - supersede writes both lines, and the old record keeps every word it had (DEC-008, DEC-010)
  ---
  duration_ms: 144.16758
  type: 'test'
  ...
# Subtest: supersede without a cause, or with one outside the four, is refused (DEC-009)
ok 435 - supersede without a cause, or with one outside the four, is refused (DEC-009)
  ---
  duration_ms: 205.893263
  type: 'test'
  ...
# Subtest: supersede of a record that does not exist is refused
ok 436 - supersede of a record that does not exist is refused
  ---
  duration_ms: 146.307803
  type: 'test'
  ...
# Subtest: a predecessor with no title line cannot be stamped, so nothing is written
ok 437 - a predecessor with no title line cannot be stamped, so nothing is written
  ---
  duration_ms: 134.289659
  type: 'test'
  ...
# Subtest: reversals reports counts by decider, cause, and domain (DEC-011)
ok 438 - reversals reports counts by decider, cause, and domain (DEC-011)
  ---
  duration_ms: 256.934296
  type: 'test'
  ...
# Subtest: decide in a domain with a reversal is refused without --history, naming the reversal; with it, the record carries History (DEC-012)
ok 439 - decide in a domain with a reversal is refused without --history, naming the reversal; with it, the record carries History (DEC-012)
  ---
  duration_ms: 251.585118
  type: 'test'
  ...
# Subtest: decide in a domain with no reversals needs no --history
ok 440 - decide in a domain with no reversals needs no --history
  ---
  duration_ms: 198.505619
  type: 'test'
  ...
# Subtest: a record resting on prose alone is in the domain unspecified, and so is the next one
ok 441 - a record resting on prose alone is in the domain unspecified, and so is the next one
  ---
  duration_ms: 196.753302
  type: 'test'
  ...
# Subtest: a second declaration for one requirement is accepted, a named check runs every mechanism, and Done needs each to pass (LOOP-056, LOOP-099)
ok 442 - a second declaration for one requirement is accepted, a named check runs every mechanism, and Done needs each to pass (LOOP-056, LOOP-099)
  ---
  duration_ms: 1859.732323
  type: 'test'
  ...
# Subtest: one mechanism's stale evidence names that mechanism, and --stale runs only it (LOOP-056, LOOP-094)
ok 443 - one mechanism's stale evidence names that mechanism, and --stale runs only it (LOOP-056, LOOP-094)
  ---
  duration_ms: 931.014874
  type: 'test'
  ...
# Subtest: attempts are counted within one mechanism's records, so the other's passes do not reset them (LOOP-100, DEC-016)
ok 444 - attempts are counted within one mechanism's records, so the other's passes do not reset them (LOOP-100, DEC-016)
  ---
  duration_ms: 1708.023049
  type: 'test'
  ...
# Subtest: step 1: an in-progress record is reconciled before anything else
ok 445 - step 1: an in-progress record is reconciled before anything else
  ---
  duration_ms: 169.205945
  type: 'test'
  ...
# Subtest: step 2: an open escalation is presented and nothing else happens
ok 446 - step 2: an open escalation is presented and nothing else happens
  ---
  duration_ms: 152.862406
  type: 'test'
  ...
# Subtest: an answered escalation is not open
ok 447 - an answered escalation is not open
  ---
  duration_ms: 426.877147
  type: 'test'
  ...
# Subtest: step 3: a decision with no realized-by is built, first by name (DEC-007)
ok 448 - step 3: a decision with no realized-by is built, first by name (DEC-007)
  ---
  duration_ms: 152.920127
  type: 'test'
  ...
# Subtest: a superseded decision with no realized-by is not work
ok 449 - a superseded decision with no realized-by is not work
  ---
  duration_ms: 177.597946
  type: 'test'
  ...
# Subtest: step 6: a mechanism that has never run is run, not implemented (LOOP-008)
ok 450 - step 6: a mechanism that has never run is run, not implemented (LOOP-008)
  ---
  duration_ms: 171.099508
  type: 'test'
  ...
# Subtest: step 6: a requirement whose mechanism fails is implemented
ok 451 - step 6: a requirement whose mechanism fails is implemented
  ---
  duration_ms: 520.979384
  type: 'test'
  ...
# Subtest: step 6 before step 7: failing evidence outranks a missing mechanism
ok 452 - step 6 before step 7: failing evidence outranks a missing mechanism
  ---
  duration_ms: 382.249815
  type: 'test'
  ...
# Subtest: step 7: a requirement with no mechanism is declared (LOOP-106)
ok 453 - step 7: a requirement with no mechanism is declared (LOOP-106)
  ---
  duration_ms: 160.736211
  type: 'test'
  ...
# Subtest: every verdict names who acts: Resolvable is the agent's, Done needs nobody, Escalate waits for the developer (LOOP-004)
ok 454 - every verdict names who acts: Resolvable is the agent's, Done needs nobody, Escalate waits for the developer (LOOP-004)
  ---
  duration_ms: 620.783247
  type: 'test'
  ...
# Subtest: malformed roadmap is Resolvable, not fatal (LOOP-005)
ok 455 - malformed roadmap is Resolvable, not fatal (LOOP-005)
  ---
  duration_ms: 161.200228
  type: 'test'
  ...
# Subtest: a commitment naming no requirements is Resolvable (LOOP-018)
ok 456 - a commitment naming no requirements is Resolvable (LOOP-018)
  ---
  duration_ms: 148.386058
  type: 'test'
  ...
# Subtest: the primary test: two wakes on the same checkout give the same action, before and after a persisted transition (LOOP-001, LOOP-003)
ok 457 - the primary test: two wakes on the same checkout give the same action, before and after a persisted transition (LOOP-001, LOOP-003)
  ---
  duration_ms: 732.585318
  type: 'test'
  ...
# Subtest: outside a cairn repository wake cannot run
ok 458 - outside a cairn repository wake cannot run
  ---
  duration_ms: 54.472108
  type: 'test'
  ...
# Subtest: the loop never waits on the review queue (DEC-015)
ok 459 - the loop never waits on the review queue (DEC-015)
  ---
  duration_ms: 408.567021
  type: 'test'
  ...
# Subtest: the linked walkthrough runs from agreement through the next commitment (PKG-016)
ok 460 - the linked walkthrough runs from agreement through the next commitment (PKG-016)
  ---
  duration_ms: 1069.880485
  type: 'test'
  ...
1..460
# tests 460
# suites 0
# pass 457
# fail 0
# cancelled 0
# skipped 3
# todo 0
# duration_ms 98650.937456
